filename,x1,y1,x2,y2,score,label
IMG-0148-0139,135,327,144,336,0.594348,0
IMG-0150-0197,136,197,145,206,0.60735,0
IMG-0150-0199,136,200,144,209,0.768874,0
IMG-0150-0198,135,198,145,208,0.717491,0
IMG-0151-0052,347,347,359,365,0.720301,0
IMG-0150-0214,218,302,236,315,0.8206749999999999,0
IMG-0150-0214,220,304,232,312,0.683937,0
IMG-0150-0215,217,302,236,317,0.5153719999999999,0
IMG-0151-0053,347,346,360,366,0.833079,0
IMG-0152-0053,458,320,466,330,0.7773019999999999,0
IMG-0152-0053,454,263,462,273,0.712417,0
IMG-0152-0052,453,264,461,273,0.792134,0
IMG-0152-0216,190,260,199,270,0.610274,0
IMG-0152-0216,190,260,197,267,0.591281,0
IMG-0152-0106,375,393,385,403,0.862362,0
IMG-0152-0105,375,393,384,402,0.8832639999999999,0
IMG-0152-0217,190,259,197,267,0.712514,0
IMG-0152-0217,189,260,200,270,0.6622279999999999,0
IMG-0152-0051,452,263,462,274,0.7858189999999999,0
IMG-0153-0230,279,128,288,138,0.518782,0
IMG-0153-0199,96,276,102,283,0.736607,0
IMG-0153-0199,94,273,106,285,0.619242,0
IMG-0153-0199,183,226,194,237,0.562854,0
IMG-0153-0197,371,199,382,211,0.7119489999999999,0
IMG-0153-0227,196,202,208,217,0.63754,0
IMG-0153-0200,96,276,102,284,0.8324499999999999,0
IMG-0153-0200,94,273,106,285,0.644056,0
IMG-0153-0201,95,275,102,284,0.8349479999999999,0
IMG-0153-0201,93,276,104,288,0.585421,0
IMG-0153-0141,426,226,434,236,0.500675,0
IMG-0154-0105,202,308,228,325,0.9168729999999999,0
IMG-0154-0103,203,310,222,323,0.8507469999999999,0
IMG-0154-0103,194,310,216,324,0.576402,0
IMG-0154-0104,202,306,224,324,0.866126,0
IMG-0154-0106,200,309,227,327,0.749549,0
IMG-0154-0107,200,315,216,332,0.905015,0
IMG-0154-0107,193,310,220,335,0.5221,0
IMG-0154-0108,201,317,217,334,0.928064,0
IMG-0154-0108,194,314,226,338,0.6716519999999999,0
IMG-0156-0141,84,245,103,260,0.558738,0
IMG-0156-0139,84,244,102,258,0.790864,0
IMG-0155-0071,393,354,401,363,0.7085049999999999,0
IMG-0155-0071,393,178,401,185,0.695387,0
IMG-0156-0138,83,244,103,258,0.6203609999999999,0
IMG-0155-0080,359,394,368,404,0.847746,0
IMG-0156-0147,85,246,102,261,0.8167169999999999,0
IMG-0156-0146,84,246,101,261,0.725441,0
IMG-0156-0145,83,245,103,261,0.7903009999999999,0
IMG-0156-0144,84,246,103,262,0.758517,0
IMG-0156-0137,84,243,101,256,0.686352,0
IMG-0156-0142,84,246,103,261,0.6886899999999999,0
IMG-0156-0140,83,245,103,260,0.790669,0
IMG-0156-0148,148,387,157,396,0.728749,0
IMG-0156-0148,90,245,105,261,0.613951,0
IMG-0156-0149,91,246,106,260,0.693573,0
IMG-0156-0149,148,387,157,395,0.51077,0
IMG-0155-0079,360,394,368,403,0.7023969999999999,0
IMG-0155-0053,322,400,332,411,0.80304,0
IMG-0156-0143,84,246,103,262,0.7054929999999999,0
IMG-0155-0070,393,178,401,185,0.82934,0
IMG-0157-0311,120,158,129,168,0.911327,0
IMG-0157-0311,158,322,164,331,0.604252,0
IMG-0157-0311,157,324,165,334,0.510803,0
IMG-0157-0312,120,159,128,168,0.7623059999999999,0
IMG-0157-0308,122,160,130,168,0.801368,0
IMG-0157-0309,121,159,130,168,0.896212,0
IMG-0157-0310,121,158,130,168,0.9036869999999999,0
IMG-0157-0201,38,261,47,271,0.938589,0
IMG-0157-0205,38,261,47,272,0.9485969999999999,0
IMG-0157-0181,459,289,467,299,0.722861,0
IMG-0157-0202,38,261,47,271,0.9539,0
IMG-0157-0200,37,261,47,271,0.899318,0
IMG-0157-0203,38,261,48,272,0.948368,0
IMG-0157-0183,457,289,467,300,0.760038,0
IMG-0157-0184,457,289,466,299,0.8125509999999999,0
IMG-0157-0184,130,303,140,313,0.622482,0
IMG-0157-0184,126,302,143,316,0.5583779999999999,0
IMG-0157-0180,459,290,467,299,0.574046,0
IMG-0157-0204,39,261,49,272,0.9582759999999999,0
IMG-0157-0199,37,261,46,270,0.7603909999999999,0
IMG-0157-0206,39,260,47,270,0.908287,0
IMG-0157-0182,458,289,467,300,0.748788,0
IMG-0157-0185,132,302,141,313,0.816873,0
IMG-0157-0185,457,289,466,299,0.673063,0
IMG-0157-0185,458,291,464,298,0.536714,0
IMG-0158-0306,144,382,153,391,0.920118,0
IMG-0158-0303,144,382,153,391,0.897756,0
IMG-0158-0307,144,382,154,391,0.896442,0
IMG-0158-0304,144,382,153,391,0.915889,0
IMG-0158-0308,144,382,154,391,0.820666,0
IMG-0158-0305,144,382,154,391,0.918581,0
IMG-0158-0302,144,382,153,391,0.683757,0
IMG-0159-0149,129,332,144,348,0.927411,0
IMG-0159-0149,487,483,501,499,0.618024,0
IMG-0160-0069,362,298,376,317,0.731633,0
IMG-0160-0069,358,356,371,369,0.684237,0
IMG-0160-0068,362,301,376,315,0.520293,0
IMG-0160-0071,363,300,375,317,0.803898,0
IMG-0160-0073,344,349,356,365,0.5403629999999999,0
IMG-0159-0154,132,337,145,355,0.914322,0
IMG-0159-0154,136,342,147,354,0.5460349999999999,0
IMG-0159-0154,487,483,501,498,0.545007,0
IMG-0159-0152,132,335,144,351,0.888423,0
IMG-0159-0152,221,333,233,349,0.693472,0
IMG-0159-0152,487,483,501,499,0.582876,0
IMG-0159-0145,132,332,144,348,0.865833,0
IMG-0159-0145,487,483,501,498,0.556638,0
IMG-0160-0070,363,297,375,317,0.81475,0
IMG-0159-0151,131,335,145,351,0.912858,0
IMG-0159-0151,221,335,232,349,0.7241759999999999,0
IMG-0159-0151,487,483,501,499,0.594722,0
IMG-0159-0150,130,335,144,348,0.9160109999999999,0
IMG-0159-0150,126,332,149,351,0.6480319999999999,0
IMG-0159-0150,487,483,501,498,0.5813039999999999,0
IMG-0160-0067,324,345,341,363,0.700163,0
IMG-0159-0147,130,334,144,347,0.9407479999999999,0
IMG-0159-0147,487,483,501,498,0.6004579999999999,0
IMG-0159-0153,132,336,144,352,0.841815,0
IMG-0159-0153,221,333,233,349,0.602758,0
IMG-0159-0153,487,483,501,499,0.5698759999999999,0
IMG-0159-0146,131,332,145,348,0.883757,0
IMG-0159-0146,487,483,501,498,0.583898,0
IMG-0159-0148,129,334,143,347,0.947403,0
IMG-0159-0148,126,331,148,351,0.70638,0
IMG-0159-0148,487,483,501,498,0.604846,0
IMG-0160-0072,346,349,361,365,0.759942,0
IMG-0160-0072,363,297,375,320,0.706008,0
IMG-0162-0168,342,348,354,362,0.913868,0
IMG-0161-0089,390,205,398,215,0.8683569999999999,0
IMG-0162-0162,336,341,355,356,0.964819,0
IMG-0162-0162,330,338,361,362,0.5614509999999999,0
IMG-0162-0158,334,332,351,354,0.9777929999999999,0
IMG-0162-0155,333,331,352,348,0.9573269999999999,0
IMG-0162-0160,334,337,353,355,0.9721879999999999,0
IMG-0162-0165,340,345,354,362,0.90279,0
IMG-0162-0167,342,346,354,361,0.9023709999999999,0
IMG-0161-0055,181,345,191,357,0.665149,0
IMG-0162-0166,342,346,354,361,0.873296,0
IMG-0162-0161,336,339,354,356,0.9634079999999999,0
IMG-0162-0157,334,333,352,351,0.974529,0
IMG-0162-0156,334,333,352,350,0.968328,0
IMG-0162-0163,337,342,354,357,0.947359,0
IMG-0162-0163,333,340,359,362,0.661161,0
IMG-0162-0164,339,344,354,358,0.861902,0
IMG-0161-0056,180,345,191,357,0.790804,0
IMG-0161-0056,183,348,189,357,0.569172,0
IMG-0161-0090,389,205,399,215,0.9306049999999999,0
IMG-0162-0159,334,334,351,355,0.978366,0
IMG-0163-0382,399,295,409,305,0.9062549999999999,0
IMG-0164-0161,224,314,237,331,0.777063,0
IMG-0163-0274,207,245,217,255,0.73064,0
IMG-0163-0274,103,360,111,369,0.615792,0
IMG-0163-0387,397,292,408,306,0.914338,0
IMG-0163-0164,151,164,159,173,0.825368,0
IMG-0163-0167,150,165,158,174,0.705301,0
IMG-0164-0162,223,317,236,331,0.892617,0
IMG-0163-0386,397,292,408,306,0.92667,0
IMG-0163-0165,150,164,159,174,0.842217,0
IMG-0163-0380,400,295,409,304,0.8496509999999999,0
IMG-0164-0165,223,315,237,331,0.9295859999999999,0
IMG-0163-0383,398,294,409,306,0.921766,0
IMG-0163-0166,150,164,158,174,0.812913,0
IMG-0163-0275,102,360,111,370,0.742381,0
IMG-0164-0163,223,316,237,332,0.9328259999999999,0
IMG-0163-0272,208,245,217,255,0.531237,0
IMG-0163-0384,399,293,409,305,0.93582,0
IMG-0163-0381,399,295,409,305,0.8930349999999999,0
IMG-0163-0385,398,292,409,306,0.9337129999999999,0
IMG-0163-0163,151,162,160,172,0.744763,0
IMG-0163-0163,152,164,158,171,0.7213379999999999,0
IMG-0164-0164,222,316,237,331,0.9428169999999999,0
IMG-0163-0277,206,244,215,254,0.557279,0
IMG-0163-0162,151,162,160,172,0.7286119999999999,0
IMG-0163-0162,152,164,158,171,0.538794,0
IMG-0163-0276,101,361,111,372,0.769251,0
IMG-0164-0160,225,313,237,329,0.620242,0
IMG-0163-0273,207,245,217,255,0.662351,0
IMG-0165-0219,374,429,384,440,0.876315,0
IMG-0165-0181,209,175,217,185,0.8248289999999999,0
IMG-0165-0181,109,417,119,428,0.8147209999999999,0
IMG-0165-0181,111,418,117,426,0.6993659999999999,0
IMG-0165-0182,208,174,216,185,0.570256,0
IMG-0165-0196,327,418,338,434,0.709093,0
IMG-0165-0196,325,424,338,442,0.5984889999999999,0
IMG-0165-0216,79,372,89,381,0.57729,0
IMG-0165-0200,330,432,339,443,0.768091,0
IMG-0165-0217,374,430,382,442,0.795812,0
IMG-0165-0234,367,369,376,378,0.716807,0
IMG-0165-0160,188,416,204,433,0.696591,0
IMG-0165-0218,373,430,383,443,0.847364,0
IMG-0165-0218,81,371,90,381,0.8373189999999999,0
IMG-0165-0161,188,416,206,433,0.7312609999999999,0
IMG-0165-0161,378,443,387,457,0.59825,0
IMG-0165-0161,174,204,191,231,0.5020519999999999,0
IMG-0165-0180,109,417,120,428,0.904508,0
IMG-0165-0180,111,417,117,426,0.8502339999999999,0
IMG-0165-0178,109,417,121,427,0.742062,0
IMG-0165-0179,108,416,122,428,0.871424,0
IMG-0165-0179,109,418,118,425,0.641632,0
IMG-0165-0197,326,428,339,442,0.803321,0
IMG-0165-0233,367,369,375,378,0.632973,0
IMG-0165-0221,375,430,384,439,0.817125,0
IMG-0165-0199,328,431,340,443,0.845015,0
IMG-0165-0220,374,429,384,440,0.8793569999999999,0
IMG-0165-0198,327,429,339,443,0.849723,0
IMG-0166-0144,129,98,137,108,0.807395,0
IMG-0166-0133,134,153,144,164,0.8592759999999999,0
IMG-0166-0351,283,174,290,181,0.8582839999999999,0
IMG-0166-0137,135,156,144,166,0.798485,0
IMG-0166-0132,134,153,144,164,0.7862859999999999,0
IMG-0166-0134,134,153,144,165,0.820793,0
IMG-0166-0134,137,156,143,166,0.573311,0
IMG-0166-0143,129,98,137,107,0.557372,0
IMG-0166-0138,135,157,144,166,0.8930739999999999,0
IMG-0166-0349,282,174,290,181,0.58617,0
IMG-0166-0146,129,98,137,107,0.853416,0
IMG-0166-0353,283,174,290,181,0.666742,0
IMG-0166-0135,133,153,145,165,0.782253,0
IMG-0166-0135,137,156,143,166,0.550041,0
IMG-0166-0136,133,153,146,165,0.7592369999999999,0
IMG-0166-0136,137,156,144,166,0.540137,0
IMG-0166-0145,129,98,137,108,0.83458,0
IMG-0166-0352,283,174,290,181,0.8242659999999999,0
IMG-0166-0147,129,98,137,107,0.8194089999999999,0
IMG-0166-0139,135,157,144,166,0.802381,0
IMG-0166-0350,283,174,290,181,0.780833,0
IMG-0167-0316,160,350,168,358,0.824333,0
IMG-0167-0211,109,179,118,188,0.561774,0
IMG-0167-0205,151,189,161,201,0.917651,0
IMG-0167-0204,149,188,161,201,0.942306,0
IMG-0167-0212,110,178,118,188,0.7950959999999999,0
IMG-0167-0212,111,179,116,186,0.622641,0
IMG-0167-0202,150,189,158,199,0.9394659999999999,0
IMG-0167-0201,150,189,158,198,0.9194129999999999,0
IMG-0167-0203,150,188,160,200,0.9346329999999999,0
IMG-0167-0206,152,189,161,201,0.879235,0
IMG-0167-0206,97,176,106,186,0.608861,0
IMG-0167-0317,160,350,168,358,0.895458,0
IMG-0167-0181,112,186,132,211,0.9586859999999999,0
IMG-0168-0054,78,359,89,370,0.934261,0
IMG-0167-0184,114,189,133,211,0.9590019999999999,0
IMG-0167-0179,110,185,131,210,0.8678579999999999,0
IMG-0167-0172,110,184,133,206,0.896659,0
IMG-0167-0174,110,184,132,207,0.9243129999999999,0
IMG-0167-0168,147,300,158,314,0.849089,0
IMG-0167-0168,110,183,135,204,0.7828149999999999,0
IMG-0167-0180,111,185,132,210,0.9188029999999999,0
IMG-0168-0055,79,357,90,371,0.9606079999999999,0
IMG-0167-0170,110,184,134,205,0.886883,0
IMG-0167-0170,113,187,131,200,0.577292,0
IMG-0167-0183,113,188,133,211,0.9588289999999999,0
IMG-0167-0166,109,176,131,196,0.515014,0
IMG-0167-0177,111,185,131,210,0.9249149999999999,0
IMG-0167-0176,111,185,131,210,0.931292,0
IMG-0167-0169,109,184,134,205,0.853648,0
IMG-0167-0169,148,299,160,313,0.8146709999999999,0
IMG-0167-0185,114,189,131,210,0.9719289999999999,0
IMG-0167-0178,110,185,130,210,0.86014,0
IMG-0167-0175,110,185,131,209,0.9207529999999999,0
IMG-0167-0182,113,187,132,211,0.959403,0
IMG-0167-0173,110,184,133,206,0.9190659999999999,0
IMG-0167-0186,114,191,131,209,0.9768169999999999,0
IMG-0167-0186,107,190,138,216,0.574494,0
IMG-0167-0167,110,179,133,200,0.592007,0
IMG-0167-0167,145,301,157,314,0.569487,0
IMG-0167-0171,110,184,134,206,0.89845,0
IMG-0169-0214,87,213,98,225,0.9402919999999999,0
IMG-0169-0103,409,282,433,303,0.964962,0
IMG-0169-0103,410,287,429,298,0.606984,0
IMG-0169-0103,108,343,118,355,0.513354,0
IMG-0169-0093,410,280,435,305,0.972192,0
IMG-0169-0093,410,287,430,298,0.769192,0
IMG-0169-0107,410,282,427,298,0.861193,0
IMG-0169-0090,408,279,433,303,0.953216,0
IMG-0169-0090,410,286,429,297,0.653671,0
IMG-0169-0253,289,327,298,339,0.898122,0
IMG-0169-0255,291,327,299,336,0.919855,0
IMG-0169-0160,141,164,152,179,0.9079339999999999,0
IMG-0169-0254,291,328,299,337,0.899628,0
IMG-0169-0083,108,417,117,425,0.7576309999999999,0
IMG-0169-0087,408,279,430,292,0.8423809999999999,0
IMG-0169-0087,402,277,436,296,0.582777,0
IMG-0169-0102,408,282,435,304,0.9659399999999999,0
IMG-0169-0102,409,287,430,298,0.712178,0
IMG-0169-0102,103,358,114,367,0.524663,0
IMG-0169-0102,103,352,114,363,0.511772,0
IMG-0169-0094,410,280,435,306,0.9723569999999999,0
IMG-0169-0094,410,287,430,298,0.785261,0
IMG-0169-0174,164,292,179,307,0.613464,0
IMG-0169-0097,409,281,436,305,0.9557789999999999,0
IMG-0169-0097,410,287,431,299,0.747614,0
IMG-0169-0089,407,279,432,302,0.8732639999999999,0
IMG-0169-0084,108,416,117,425,0.8505739999999999,0
IMG-0169-0096,409,280,436,305,0.965143,0
IMG-0169-0096,410,287,431,298,0.785292,0
IMG-0169-0176,167,293,182,307,0.7406419999999999,0
IMG-0169-0176,109,325,118,334,0.740532,0
IMG-0169-0176,106,326,120,337,0.714847,0
IMG-0169-0105,409,281,430,301,0.957947,0
IMG-0169-0105,104,345,122,364,0.684302,0
IMG-0169-0105,107,346,119,359,0.619547,0
IMG-0169-0216,87,213,98,226,0.946309,0
IMG-0169-0092,410,281,435,305,0.972352,0
IMG-0169-0092,410,287,430,298,0.766937,0
IMG-0169-0086,408,277,429,291,0.8578359999999999,0
IMG-0169-0086,402,276,436,296,0.545746,0
IMG-0169-0088,406,279,430,298,0.637498,0
IMG-0169-0088,412,285,426,296,0.530741,0
IMG-0169-0215,87,213,99,225,0.933306,0
IMG-0169-0106,410,282,428,299,0.9315709999999999,0
IMG-0169-0106,105,347,125,364,0.6245999999999999,0
IMG-0169-0106,108,347,121,359,0.539071,0
IMG-0169-0091,409,280,434,304,0.9684619999999999,0
IMG-0169-0091,410,287,430,298,0.7376429999999999,0
IMG-0169-0163,144,167,157,181,0.9496399999999999,0
IMG-0169-0256,291,326,299,336,0.906423,0
IMG-0169-0161,141,166,152,181,0.926935,0
IMG-0169-0104,409,281,432,303,0.9667779999999999,0
IMG-0169-0104,411,287,428,297,0.523465,0
IMG-0169-0165,144,167,156,180,0.9364509999999999,0
IMG-0169-0099,409,281,436,305,0.968227,0
IMG-0169-0099,409,287,431,298,0.79984,0
IMG-0169-0162,143,167,155,181,0.9311309999999999,0
IMG-0169-0177,109,325,117,334,0.659629,0
IMG-0169-0177,107,327,119,337,0.63678,0
IMG-0169-0217,87,214,97,226,0.947244,0
IMG-0169-0173,164,294,178,307,0.613359,0
IMG-0169-0164,144,167,156,181,0.947148,0
IMG-0169-0101,409,281,435,304,0.9628209999999999,0
IMG-0169-0101,101,357,112,367,0.85771,0
IMG-0169-0101,342,349,353,359,0.762776,0
IMG-0169-0101,410,287,431,298,0.722966,0
IMG-0169-0212,87,214,98,225,0.8945599999999999,0
IMG-0169-0095,409,280,435,305,0.967873,0
IMG-0169-0095,410,287,430,299,0.777636,0
IMG-0169-0100,409,281,436,304,0.965568,0
IMG-0169-0100,410,287,431,298,0.768311,0
IMG-0169-0098,409,281,436,305,0.9624349999999999,0
IMG-0169-0098,410,287,431,299,0.770126,0
IMG-0169-0175,107,326,119,337,0.599235,0
IMG-0169-0175,109,325,117,334,0.582141,0
IMG-0169-0175,165,292,180,306,0.567981,0
IMG-0169-0213,87,213,98,225,0.939677,0
IMG-0170-0021,314,326,328,342,0.781899,0
IMG-0170-0021,308,324,334,345,0.741628,0
IMG-0170-0037,382,271,392,282,0.8168639999999999,0
IMG-0170-0048,369,230,377,238,0.897245,0
IMG-0170-0042,366,280,375,288,0.8221569999999999,0
IMG-0170-0038,383,271,392,282,0.9165749999999999,0
IMG-0170-0038,384,273,389,281,0.747417,0
IMG-0170-0022,310,325,327,340,0.8288909999999999,0
IMG-0170-0041,367,279,375,288,0.9173969999999999,0
IMG-0170-0018,310,326,327,343,0.543021,0
IMG-0170-0020,308,324,330,345,0.7109559999999999,0
IMG-0170-0020,314,326,327,342,0.5499809999999999,0
IMG-0170-0020,311,333,324,342,0.534721,0
IMG-0170-0019,308,324,329,345,0.701923,0
IMG-0170-0019,312,328,325,342,0.567,0
IMG-0171-0136,349,390,358,400,0.6796059999999999,0
IMG-0171-0136,381,215,390,227,0.518874,0
IMG-0170-0049,369,230,377,239,0.9383199999999999,0
IMG-0171-0137,349,391,360,403,0.8477969999999999,0
IMG-0172-0045,153,133,161,142,0.77694,0
IMG-0172-0063,149,258,160,269,0.657782,0
IMG-0172-0071,82,194,90,204,0.774187,0
IMG-0172-0070,81,194,90,203,0.814507,0
IMG-0172-0082,415,181,423,191,0.804438,0
IMG-0172-0051,173,364,186,377,0.963135,0
IMG-0172-0052,171,364,186,377,0.9587209999999999,0
IMG-0172-0053,171,363,186,377,0.94804,0
IMG-0172-0050,175,366,189,378,0.953075,0
IMG-0173-0163,190,325,206,337,0.951372,0
IMG-0173-0163,186,324,210,342,0.874748,0
IMG-0173-0169,191,324,203,335,0.7283299999999999,0
IMG-0173-0166,191,325,206,337,0.958108,0
IMG-0173-0168,192,323,206,338,0.948853,0
IMG-0173-0164,190,325,206,337,0.9550609999999999,0
IMG-0173-0164,185,324,210,342,0.901968,0
IMG-0173-0165,190,324,206,337,0.9513039999999999,0
IMG-0173-0167,192,323,206,338,0.953112,0
IMG-0173-0162,191,324,205,337,0.709445,0
IMG-0174-0056,390,335,406,354,0.864077,0
IMG-0174-0046,395,340,412,356,0.939368,0
IMG-0174-0046,389,338,418,362,0.7331,0
IMG-0174-0066,396,348,407,362,0.622995,0
IMG-0174-0047,394,339,412,356,0.931959,0
IMG-0174-0047,389,337,417,362,0.6861119999999999,0
IMG-0174-0054,395,336,408,353,0.866077,0
IMG-0174-0054,389,332,407,358,0.656103,0
IMG-0174-0058,390,336,405,354,0.874798,0
IMG-0174-0065,396,349,408,362,0.602278,0
IMG-0174-0044,395,339,412,356,0.9148529999999999,0
IMG-0174-0044,390,337,417,362,0.5528959999999999,0
IMG-0174-0041,397,340,413,355,0.858034,0
IMG-0174-0041,392,338,417,361,0.532567,0
IMG-0174-0040,398,340,414,355,0.748103,0
IMG-0174-0063,391,336,405,355,0.6359319999999999,0
IMG-0174-0067,396,348,407,362,0.5915239999999999,0
IMG-0174-0055,390,335,406,354,0.876532,0
IMG-0174-0052,396,340,409,356,0.741952,0
IMG-0174-0061,389,335,404,354,0.891026,0
IMG-0174-0045,395,340,412,356,0.939612,0
IMG-0174-0045,389,338,418,362,0.737092,0
IMG-0174-0059,390,336,405,354,0.893663,0
IMG-0174-0048,394,339,411,356,0.901003,0
IMG-0174-0048,389,337,416,362,0.646525,0
IMG-0174-0042,397,339,413,355,0.8074979999999999,0
IMG-0174-0062,390,335,405,354,0.6976359999999999,0
IMG-0174-0064,396,349,408,362,0.53643,0
IMG-0174-0043,396,339,413,356,0.8848239999999999,0
IMG-0174-0053,396,338,409,355,0.811681,0
IMG-0174-0049,393,339,410,356,0.8643069999999999,0
IMG-0174-0049,389,338,416,362,0.588666,0
IMG-0174-0060,389,335,404,354,0.926233,0
IMG-0174-0050,394,339,410,356,0.820301,0
IMG-0174-0050,389,338,415,362,0.593031,0
IMG-0174-0057,390,336,405,354,0.869373,0
IMG-0174-0051,396,339,410,355,0.8553149999999999,0
IMG-0174-0039,398,341,414,355,0.5647679999999999,0
IMG-0174-0076,379,301,393,314,0.741055,0
IMG-0174-0076,381,300,389,311,0.518076,0
IMG-0174-0072,395,349,408,363,0.709419,0
IMG-0174-0070,395,349,407,361,0.711676,0
IMG-0174-0073,394,349,408,363,0.6822269999999999,0
IMG-0174-0069,396,349,407,361,0.6941149999999999,0
IMG-0174-0074,379,302,392,316,0.656829,0
IMG-0174-0074,395,349,408,363,0.5199039999999999,0
IMG-0174-0074,381,301,389,312,0.502159,0
IMG-0174-0075,379,301,392,315,0.725066,0
IMG-0174-0071,395,349,407,362,0.699019,0
IMG-0174-0068,396,349,407,362,0.713845,0
IMG-0175-0124,152,271,160,280,0.620309,0
IMG-0175-0124,342,392,353,403,0.570174,0
IMG-0175-0165,136,241,145,251,0.907543,0
IMG-0176-0113,143,276,152,284,0.8040039999999999,0
IMG-0176-0112,144,276,152,284,0.869784,0
IMG-0176-0112,142,149,152,163,0.728686,0
IMG-0175-0164,136,242,144,250,0.7011339999999999,0
IMG-0176-0111,144,147,153,163,0.8275049999999999,0
IMG-0176-0114,137,153,145,164,0.7357849999999999,0
IMG-0176-0110,147,140,157,157,0.849074,0
IMG-0175-0125,344,396,354,406,0.557165,0
IMG-0177-0189,431,234,441,243,0.7080719999999999,0
IMG-0178-0306,391,320,401,330,0.716263,0
IMG-0178-0302,392,321,401,330,0.8088299999999999,0
IMG-0178-0301,392,322,400,330,0.768291,0
IMG-0178-0161,201,349,210,360,0.7574179999999999,0
IMG-0178-0303,391,321,401,330,0.764597,0
IMG-0178-0160,202,348,210,359,0.721625,0
IMG-0178-0163,199,349,211,361,0.6924389999999999,0
IMG-0178-0300,365,152,374,164,0.720073,0
IMG-0178-0300,392,322,400,330,0.600563,0
IMG-0178-0162,199,349,210,360,0.7731009999999999,0
IMG-0178-0307,369,166,377,176,0.6086659999999999,0
IMG-0178-0305,391,320,401,330,0.591403,0
IMG-0178-0304,391,320,401,330,0.5985539999999999,0
IMG-0179-0055,138,158,152,174,0.817967,0
IMG-0179-0060,138,155,152,173,0.809809,0
IMG-0179-0054,138,157,153,174,0.8760169999999999,0
IMG-0179-0057,138,159,151,174,0.7962739999999999,0
IMG-0180-0117,196,244,204,252,0.849085,0
IMG-0180-0050,435,201,447,213,0.81595,0
IMG-0179-0051,136,156,151,173,0.775264,0
IMG-0179-0051,148,370,156,378,0.708846,0
IMG-0179-0049,138,156,151,172,0.7649159999999999,0
IMG-0179-0049,137,147,154,175,0.629528,0
IMG-0179-0052,137,156,151,174,0.8229909999999999,0
IMG-0179-0050,137,156,151,173,0.7330439999999999,0
IMG-0179-0047,134,149,158,169,0.537812,0
IMG-0179-0047,307,340,316,348,0.525377,0
IMG-0179-0047,139,151,152,166,0.521946,0
IMG-0180-0118,196,244,205,252,0.8792479999999999,0
IMG-0179-0048,138,156,150,170,0.641342,0
IMG-0179-0048,426,222,432,230,0.5199119999999999,0
IMG-0180-0049,434,201,446,213,0.8133009999999999,0
IMG-0179-0058,134,159,151,174,0.759479,0
IMG-0179-0056,138,158,151,174,0.818118,0
IMG-0179-0053,138,156,152,174,0.860938,0
IMG-0179-0059,137,157,152,172,0.775289,0
IMG-0179-0059,132,155,160,178,0.558832,0
IMG-0179-0046,140,152,151,166,0.601889,0
IMG-0179-0046,134,150,157,169,0.574338,0
IMG-0181-0282,87,302,96,311,0.531283,0
IMG-0181-0285,103,299,126,316,0.801499,0
IMG-0181-0285,108,301,120,314,0.706109,0
IMG-0181-0284,102,299,125,316,0.690168,0
IMG-0181-0284,108,300,120,313,0.629409,0
IMG-0181-0283,104,298,124,315,0.6218009999999999,0
IMG-0181-0283,109,298,120,310,0.516474,0
IMG-0181-0288,103,300,124,318,0.6316039999999999,0
IMG-0181-0288,106,301,119,313,0.518168,0
IMG-0181-0341,194,185,206,202,0.608699,0
IMG-0181-0287,102,299,126,318,0.857391,0
IMG-0181-0287,106,300,120,312,0.807958,0
IMG-0181-0336,196,187,205,200,0.623038,0
IMG-0181-0297,107,302,119,315,0.7609739999999999,0
IMG-0181-0297,109,302,116,311,0.570553,0
IMG-0181-0294,105,300,121,315,0.782206,0
IMG-0181-0337,196,187,205,200,0.6923349999999999,0
IMG-0181-0290,102,303,116,315,0.790295,0
IMG-0181-0290,99,300,122,319,0.68636,0
IMG-0181-0296,106,301,120,315,0.841996,0
IMG-0181-0296,108,300,117,311,0.673782,0
IMG-0182-0068,419,361,427,369,0.637323,0
IMG-0181-0343,196,187,205,201,0.6294879999999999,0
IMG-0181-0293,105,302,117,315,0.7040839999999999,0
IMG-0181-0293,101,300,121,318,0.6643319999999999,0
IMG-0181-0291,102,303,116,316,0.8651789999999999,0
IMG-0181-0291,98,300,122,319,0.777169,0
IMG-0181-0339,195,186,206,201,0.68931,0
IMG-0181-0334,196,185,207,196,0.7442329999999999,0
IMG-0181-0292,102,302,117,316,0.828548,0
IMG-0181-0295,105,301,121,315,0.838765,0
IMG-0181-0295,108,300,117,312,0.662901,0
IMG-0181-0340,193,185,206,202,0.636842,0
IMG-0181-0335,195,184,207,197,0.650376,0
IMG-0181-0286,102,299,126,317,0.8514299999999999,0
IMG-0181-0286,105,300,120,312,0.795782,0
IMG-0181-0333,196,184,206,195,0.658826,0
IMG-0181-0338,196,186,205,200,0.681218,0
IMG-0181-0342,196,186,205,201,0.6403179999999999,0
IMG-0181-0289,103,302,116,315,0.647245,0
IMG-0181-0289,100,300,121,319,0.530207,0
IMG-0184-0192,216,303,227,314,0.668913,0
IMG-0183-0165,322,181,340,195,0.746416,0
IMG-0183-0163,323,183,340,196,0.793406,0
IMG-0183-0163,319,181,343,199,0.68419,0
IMG-0184-0195,215,303,226,314,0.84443,0
IMG-0184-0195,181,188,198,201,0.725019,0
IMG-0184-0197,182,189,198,202,0.9208299999999999,0
IMG-0184-0197,178,187,203,207,0.8876109999999999,0
IMG-0184-0197,183,194,196,204,0.573473,0
IMG-0184-0199,181,186,198,202,0.944993,0
IMG-0184-0194,215,303,226,314,0.890925,0
IMG-0184-0196,215,301,229,315,0.8182699999999999,0
IMG-0184-0196,182,189,198,203,0.670995,0
IMG-0184-0200,180,186,198,201,0.932299,0
IMG-0183-0164,322,182,339,196,0.878497,0
IMG-0183-0164,317,180,345,201,0.640994,0
IMG-0184-0198,181,187,198,202,0.94861,0
IMG-0184-0198,177,186,202,207,0.914559,0
IMG-0184-0193,216,304,225,313,0.793827,0
IMG-0184-0202,180,184,199,201,0.663273,0
IMG-0184-0201,180,185,199,202,0.877923,0
IMG-0184-0204,181,183,199,196,0.7849149999999999,0
IMG-0184-0204,372,199,382,208,0.728901,0
IMG-0184-0203,180,183,200,197,0.729578,0
IMG-0184-0203,372,199,380,206,0.721618,0
IMG-0129-0264,167,322,181,336,0.833579,0
IMG-0129-0237,371,241,388,254,0.954627,0
IMG-0129-0237,351,261,366,275,0.706569,0
IMG-0129-0237,367,239,391,260,0.6946249999999999,0
IMG-0129-0260,211,286,229,299,0.945774,0
IMG-0129-0260,207,283,234,304,0.8606889999999999,0
IMG-0129-0223,372,246,389,260,0.9409879999999999,0
IMG-0129-0226,371,242,391,261,0.9307329999999999,0
IMG-0129-0229,369,241,391,262,0.940144,0
IMG-0129-0229,363,246,387,258,0.66806,0
IMG-0129-0253,207,283,231,304,0.935004,0
IMG-0129-0232,367,239,389,261,0.907605,0
IMG-0129-0221,371,245,387,258,0.820587,0
IMG-0129-0143,369,333,388,351,0.757859,0
IMG-0129-0247,210,284,230,303,0.928346,0
IMG-0129-0236,370,240,388,256,0.9410459999999999,0
IMG-0129-0236,351,261,366,275,0.7294689999999999,0
IMG-0129-0233,368,239,389,261,0.9253669999999999,0
IMG-0129-0233,363,245,387,257,0.6854399999999999,0
IMG-0129-0227,370,241,391,261,0.9468479999999999,0
IMG-0129-0227,365,246,388,257,0.618027,0
IMG-0129-0234,369,239,390,260,0.929948,0
IMG-0129-0249,206,282,231,303,0.776338,0
IMG-0129-0250,206,282,232,303,0.900756,0
IMG-0129-0146,367,334,387,352,0.6162329999999999,0
IMG-0129-0146,130,260,137,267,0.536718,0
IMG-0129-0228,369,241,391,262,0.9430569999999999,0
IMG-0129-0228,364,246,388,258,0.650771,0
IMG-0129-0254,207,283,231,304,0.951928,0
IMG-0129-0255,207,283,230,304,0.950052,0
IMG-0129-0252,207,283,231,303,0.910342,0
IMG-0129-0231,367,240,389,262,0.8984399999999999,0
IMG-0129-0238,371,242,388,254,0.951919,0
IMG-0129-0238,351,261,366,275,0.651253,0
IMG-0129-0238,366,237,393,258,0.5876239999999999,0
IMG-0129-0144,367,332,389,351,0.752093,0
IMG-0129-0144,74,326,81,334,0.540715,0
IMG-0129-0246,210,284,232,302,0.754506,0
IMG-0129-0266,166,321,181,336,0.929642,0
IMG-0129-0259,210,285,230,300,0.946009,0
IMG-0129-0257,208,283,230,303,0.9460489999999999,0
IMG-0129-0145,367,334,389,352,0.532934,0
IMG-0129-0256,207,282,230,303,0.9456559999999999,0
IMG-0129-0225,371,242,390,261,0.932994,0
IMG-0129-0235,370,239,389,259,0.938546,0
IMG-0129-0235,350,262,366,275,0.538696,0
IMG-0129-0142,368,334,389,352,0.708347,0
IMG-0129-0224,372,245,390,261,0.9367059999999999,0
IMG-0129-0268,167,322,181,336,0.906268,0
IMG-0129-0248,208,283,230,304,0.912435,0
IMG-0129-0230,368,240,390,262,0.9376629999999999,0
IMG-0129-0230,363,246,387,258,0.681303,0
IMG-0129-0222,372,245,388,259,0.8979969999999999,0
IMG-0129-0258,209,284,231,301,0.945325,0
IMG-0129-0267,166,322,181,336,0.927978,0
IMG-0129-0265,166,321,181,335,0.8910089999999999,0
IMG-0129-0251,206,283,232,303,0.919132,0
IMG-0130-0056,179,308,196,323,0.936631,0
IMG-0131-0111,340,310,352,323,0.94644,0
IMG-0131-0111,274,334,282,341,0.737464,0
IMG-0131-0089,149,350,161,362,0.943861,0
IMG-0131-0112,341,308,356,324,0.92977,0
IMG-0130-0048,113,307,138,330,0.914812,0
IMG-0130-0048,118,311,134,326,0.910364,0
IMG-0130-0057,178,309,195,324,0.9066639999999999,0
IMG-0130-0057,172,307,201,329,0.769481,0
IMG-0131-0114,339,308,359,326,0.962146,0
IMG-0131-0114,181,352,190,361,0.790835,0
IMG-0131-0114,341,312,354,322,0.582916,0
IMG-0130-0046,115,310,136,328,0.8233349999999999,0
IMG-0130-0046,120,313,133,326,0.63272,0
IMG-0130-0049,118,311,135,325,0.89211,0
IMG-0131-0113,342,310,357,323,0.9445089999999999,0
IMG-0131-0113,182,352,191,361,0.8166019999999999,0
IMG-0131-0088,151,351,160,362,0.933925,0
IMG-0130-0058,216,188,236,204,0.718264,0
IMG-0130-0059,178,310,195,323,0.722115,0
IMG-0130-0047,112,308,138,330,0.898548,0
IMG-0130-0047,118,312,134,326,0.8911089999999999,0
IMG-0133-0134,173,354,187,367,0.962173,0
IMG-0133-0135,172,354,186,366,0.954106,0
IMG-0133-0135,168,353,189,372,0.8348369999999999,0
IMG-0133-0133,172,352,186,368,0.9482809999999999,0
IMG-0133-0043,204,318,218,332,0.774052,0
IMG-0133-0043,206,319,214,328,0.555018,0
IMG-0133-0131,175,356,185,367,0.925002,0
IMG-0133-0137,172,351,186,366,0.924608,0
IMG-0133-0137,169,354,189,372,0.713252,0
IMG-0133-0140,173,353,184,367,0.894419,0
IMG-0133-0140,171,357,187,371,0.7918189999999999,0
IMG-0133-0139,173,353,185,368,0.937921,0
IMG-0133-0132,173,353,187,368,0.948689,0
IMG-0133-0136,173,352,186,368,0.938869,0
IMG-0133-0138,172,353,186,367,0.923021,0
IMG-0132-0112,140,257,151,269,0.6752389999999999,0
IMG-0132-0112,138,260,153,273,0.555507,0
IMG-0134-0089,182,405,191,415,0.9301349999999999,0
IMG-0134-0088,181,405,191,420,0.819314,0
IMG-0135-0195,109,115,116,124,0.806107,0
IMG-0135-0195,107,117,118,127,0.711712,0
IMG-0135-0196,109,114,116,124,0.8340879999999999,0
IMG-0135-0196,107,116,118,128,0.6355649999999999,0
IMG-0135-0094,318,334,330,347,0.703665,0
IMG-0135-0095,319,333,330,346,0.785183,0
IMG-0135-0193,81,189,89,197,0.6655289999999999,0
IMG-0135-0193,111,114,119,123,0.650272,0
IMG-0135-0194,111,115,116,123,0.685546,0
IMG-0135-0194,109,117,118,126,0.6567,0
IMG-0135-0096,319,333,330,346,0.673887,0
IMG-0136-0170,423,312,433,323,0.91201,0
IMG-0136-0169,423,312,433,323,0.9226169999999999,0
IMG-0136-0171,422,312,433,323,0.901925,0
IMG-0136-0167,423,313,434,322,0.5634199999999999,0
IMG-0136-0172,424,313,433,323,0.684615,0
IMG-0136-0168,423,312,434,323,0.840216,0
IMG-0137-0049,85,173,98,185,0.658535,0
IMG-0137-0049,83,167,101,188,0.527552,0
IMG-0137-0047,82,170,96,185,0.5464249999999999,0
IMG-0137-0048,85,172,97,183,0.6565289999999999,0
IMG-0137-0048,83,167,99,181,0.631752,0
IMG-0137-0050,85,173,99,185,0.683338,0
IMG-0137-0050,84,167,103,188,0.574211,0
IMG-0138-0291,209,349,218,359,0.7708929999999999,0
IMG-0138-0411,357,260,368,269,0.581136,0
IMG-0138-0414,355,263,368,275,0.913187,0
IMG-0138-0416,355,263,368,275,0.9145679999999999,0
IMG-0138-0420,358,263,367,275,0.652396,0
IMG-0138-0412,357,263,368,273,0.6944509999999999,0
IMG-0138-0413,355,263,368,274,0.852541,0
IMG-0138-0417,356,263,369,275,0.923543,0
IMG-0138-0418,356,263,369,276,0.913634,0
IMG-0138-0415,355,263,367,275,0.90897,0
IMG-0138-0292,209,349,219,359,0.7367549999999999,0
IMG-0138-0294,212,349,219,359,0.7884559999999999,0
IMG-0138-0419,357,263,369,276,0.872925,0
IMG-0138-0295,210,350,219,360,0.57987,0
IMG-0138-0293,212,348,219,358,0.762558,0
IMG-0139-0072,429,178,436,188,0.7998989999999999,0
IMG-0139-0072,427,179,438,191,0.614294,0
IMG-0139-0096,374,190,384,201,0.881122,0
IMG-0139-0108,135,279,146,289,0.802129,0
IMG-0139-0080,420,233,431,248,0.8415469999999999,0
IMG-0139-0080,174,245,184,256,0.641957,0
IMG-0139-0128,329,267,350,283,0.956679,0
IMG-0139-0081,419,232,431,249,0.84456,0
IMG-0139-0074,427,174,446,189,0.978595,0
IMG-0139-0074,422,171,452,195,0.82282,0
IMG-0139-0129,331,270,350,285,0.968615,0
IMG-0139-0127,330,265,349,282,0.915149,0
IMG-0139-0130,333,271,351,284,0.968082,0
IMG-0139-0130,328,268,354,289,0.8344929999999999,0
IMG-0139-0075,434,177,448,190,0.971687,0
IMG-0139-0075,429,172,454,194,0.8365659999999999,0
IMG-0139-0073,427,175,443,188,0.968618,0
IMG-0139-0073,422,172,450,193,0.88883,0
IMG-0139-0095,373,191,381,201,0.7927329999999999,0
IMG-0141-0092,156,202,176,225,0.966634,0
IMG-0140-0165,113,218,129,233,0.699299,0
IMG-0140-0162,242,118,250,128,0.572319,0
IMG-0140-0162,333,174,341,185,0.527465,0
IMG-0141-0087,155,200,177,226,0.973343,0
IMG-0141-0080,157,202,175,220,0.9609439999999999,0
IMG-0141-0089,155,201,177,225,0.957908,0
IMG-0141-0081,156,202,176,221,0.970841,0
IMG-0140-0163,333,175,342,187,0.855583,0
IMG-0140-0163,243,116,249,124,0.583571,0
IMG-0141-0095,156,205,172,220,0.9318289999999999,0
IMG-0141-0095,107,406,120,421,0.5261709999999999,0
IMG-0140-0166,114,218,128,232,0.885639,0
IMG-0141-0084,155,199,176,225,0.9681879999999999,0
IMG-0141-0091,156,202,177,226,0.9674659999999999,0
IMG-0141-0078,160,206,174,219,0.9443999999999999,0
IMG-0141-0086,155,201,177,225,0.960395,0
IMG-0141-0096,157,206,171,222,0.8233969999999999,0
IMG-0141-0096,107,405,121,422,0.751084,0
IMG-0140-0164,333,175,343,189,0.68836,0
IMG-0140-0164,334,176,340,186,0.6760229999999999,0
IMG-0141-0082,155,200,176,223,0.9740789999999999,0
IMG-0141-0082,352,159,363,170,0.728351,0
IMG-0141-0082,349,157,367,174,0.5947009999999999,0
IMG-0141-0088,155,200,177,226,0.9704189999999999,0
IMG-0141-0093,157,205,175,224,0.9708089999999999,0
IMG-0141-0083,155,199,177,224,0.972746,0
IMG-0141-0094,156,205,174,223,0.955299,0
IMG-0141-0094,103,407,116,422,0.675473,0
IMG-0141-0079,159,204,175,219,0.968924,0
IMG-0141-0085,155,200,177,225,0.963339,0
IMG-0141-0085,367,167,379,180,0.652269,0
IMG-0141-0090,155,201,177,226,0.9607739999999999,0
IMG-0142-0055,152,284,174,301,0.854992,0
IMG-0142-0055,156,284,168,297,0.8121499999999999,0
IMG-0142-0054,153,284,172,300,0.503805,0
IMG-0142-0085,206,205,220,217,0.943506,0
IMG-0142-0082,208,202,224,216,0.9321039999999999,0
IMG-0142-0082,203,200,230,219,0.576861,0
IMG-0142-0056,153,284,174,301,0.929538,0
IMG-0142-0056,156,286,169,297,0.9137879999999999,0
IMG-0142-0081,211,204,223,217,0.9138569999999999,0
IMG-0142-0084,206,203,222,219,0.96231,0
IMG-0142-0083,208,202,225,217,0.9444269999999999,0
IMG-0142-0083,204,200,230,221,0.561226,0
IMG-0142-0080,214,206,222,216,0.7221,0
IMG-0142-0057,156,284,174,299,0.891602,0
IMG-0143-0120,103,190,114,200,0.872375,0
IMG-0143-0119,104,191,113,200,0.6294219999999999,0
IMG-0143-0121,104,189,114,199,0.7966949999999999,0
IMG-0144-0154,174,342,183,351,0.869879,0
IMG-0144-0158,174,342,183,352,0.9320489999999999,0
IMG-0144-0214,149,197,166,213,0.9763879999999999,0
IMG-0144-0214,153,200,165,211,0.956653,0
IMG-0144-0216,149,197,166,214,0.968204,0
IMG-0144-0217,150,198,165,213,0.9425779999999999,0
IMG-0144-0215,149,197,166,214,0.977989,0
IMG-0144-0215,153,200,165,211,0.957592,0
IMG-0144-0119,320,337,329,347,0.876176,0
IMG-0144-0207,404,216,417,229,0.816735,0
IMG-0144-0204,406,215,417,227,0.8941509999999999,0
IMG-0144-0157,173,342,183,351,0.930645,0
IMG-0144-0149,407,214,416,223,0.928457,0
IMG-0144-0212,150,197,165,213,0.960707,0
IMG-0144-0211,151,197,165,213,0.8652029999999999,0
IMG-0144-0150,407,213,416,223,0.913183,0
IMG-0144-0209,407,220,414,230,0.6155919999999999,0
IMG-0144-0209,404,216,416,230,0.5292359999999999,0
IMG-0144-0213,149,197,166,213,0.972111,0
IMG-0144-0155,172,342,182,351,0.9132309999999999,0
IMG-0144-0118,320,338,329,347,0.9214629999999999,0
IMG-0144-0218,151,199,164,212,0.8635809999999999,0
IMG-0144-0148,408,213,416,223,0.85817,0
IMG-0144-0156,172,342,183,352,0.912022,0
IMG-0144-0205,405,215,418,229,0.9228059999999999,0
IMG-0144-0208,404,216,415,229,0.7574329999999999,0
IMG-0144-0206,404,215,418,230,0.883628,0
IMG-0144-0151,408,212,416,221,0.8377739999999999,0
IMG-0145-0093,194,294,201,302,0.652824,0
IMG-0145-0316,185,412,202,427,0.963664,0
IMG-0145-0316,188,413,198,423,0.886771,0
IMG-0145-0092,194,295,200,303,0.622207,0
IMG-0145-0159,431,198,440,207,0.954266,0
IMG-0145-0162,431,198,440,207,0.938939,0
IMG-0145-0321,188,414,200,426,0.941854,0
IMG-0145-0320,188,414,200,426,0.94767,0
IMG-0145-0161,431,198,440,207,0.945697,0
IMG-0145-0312,186,413,200,425,0.921187,0
IMG-0145-0312,188,414,197,422,0.672655,0
IMG-0145-0310,187,413,199,425,0.867672,0
IMG-0145-0309,186,414,196,425,0.657891,0
IMG-0145-0157,432,198,440,206,0.9407989999999999,0
IMG-0145-0322,189,415,199,426,0.9233469999999999,0
IMG-0145-0090,72,200,79,208,0.7689389999999999,0
IMG-0145-0315,186,412,202,427,0.958127,0
IMG-0145-0315,188,413,198,423,0.8777079999999999,0
IMG-0145-0160,431,198,440,207,0.951687,0
IMG-0145-0158,432,198,440,207,0.9499989999999999,0
IMG-0145-0311,186,413,200,425,0.915122,0
IMG-0145-0311,188,413,197,422,0.617866,0
IMG-0145-0317,185,413,202,426,0.961638,0
IMG-0145-0317,188,413,198,423,0.8860239999999999,0
IMG-0145-0089,72,201,79,208,0.761876,0
IMG-0145-0314,186,413,202,427,0.9574969999999999,0
IMG-0145-0314,188,414,198,423,0.869455,0
IMG-0145-0319,187,414,201,426,0.9528629999999999,0
IMG-0145-0319,188,414,197,423,0.82566,0
IMG-0145-0313,186,413,201,426,0.948573,0
IMG-0145-0313,188,414,197,422,0.814533,0
IMG-0145-0318,186,413,201,426,0.953077,0
IMG-0145-0318,188,414,198,423,0.85836,0
IMG-0145-0091,72,200,79,209,0.6835979999999999,0
IMG-0145-0091,193,295,200,303,0.5030859999999999,0
IMG-0146-0073,172,300,182,311,0.61037,0
IMG-0146-0074,172,300,182,310,0.640602,0
IMG-0147-0076,433,293,441,302,0.704699,0
IMG-0147-0157,292,292,299,300,0.800682,0
IMG-0147-0077,434,293,441,302,0.7965829999999999,0
IMG-0147-0125,401,180,412,193,0.9276629999999999,0
IMG-0147-0156,206,277,215,288,0.7955599999999999,0
IMG-0147-0155,210,278,217,287,0.853636,0
IMG-0149-0146,109,333,118,342,0.661415,0
IMG-0149-0147,108,333,118,343,0.754006,0
