filename,x1,y1,x2,y2,score
data/testLuna16/IMG-0146-0074.jpg,421,335,429,345,0.820274
data/testLuna16/IMG-0147-0155.jpg,208,276,219,287,0.654735
data/testLuna16/IMG-0147-0155.jpg,211,279,217,285,0.650348
data/testLuna16/IMG-0147-0156.jpg,209,280,216,287,0.982516
data/testLuna16/IMG-0147-0156.jpg,205,276,220,291,0.936776
data/testLuna16/IMG-0147-0125.jpg,404,181,413,191,0.991251
data/testLuna16/IMG-0147-0076.jpg,435,292,442,299,0.506377
data/testLuna16/IMG-0147-0077.jpg,435,292,441,299,0.962711
data/testLuna16/IMG-0147-0077.jpg,432,288,444,302,0.801036
data/testLuna16/IMG-0149-0147.jpg,110,334,116,341,0.795805
data/testLuna16/IMG-0149-0147.jpg,107,331,118,344,0.76287
data/testLuna16/IMG-0149-0146.jpg,108,331,118,343,0.734139
data/testLuna16/IMG-0149-0146.jpg,111,334,116,340,0.695256
data/testLuna16/IMG-0148-0138.jpg,330,348,342,361,0.809167
data/testLuna16/IMG-0148-0139.jpg,137,327,142,333,0.881514
data/testLuna16/IMG-0148-0139.jpg,135,324,144,336,0.860251
data/testLuna16/IMG-0150-0215.jpg,314,234,323,243,0.869662
data/testLuna16/IMG-0151-0053.jpg,405,329,415,342,0.675248
data/testLuna16/IMG-0151-0053.jpg,350,354,358,364,0.672375
data/testLuna16/IMG-0150-0214.jpg,315,234,322,242,0.853213
data/testLuna16/IMG-0150-0214.jpg,312,231,326,245,0.744232
data/testLuna16/IMG-0151-0052.jpg,349,356,357,367,0.850943
data/testLuna16/IMG-0152-0051.jpg,453,264,463,273,0.806026
data/testLuna16/IMG-0152-0105.jpg,375,393,386,403,0.99094
data/testLuna16/IMG-0152-0105.jpg,378,395,383,400,0.967971
data/testLuna16/IMG-0152-0053.jpg,459,318,466,329,0.566954
data/testLuna16/IMG-0152-0106.jpg,375,392,386,403,0.988996
data/testLuna16/IMG-0152-0106.jpg,378,395,383,400,0.974461
data/testLuna16/IMG-0153-0201.jpg,94,276,102,284,0.846456
data/testLuna16/IMG-0153-0201.jpg,90,272,106,286,0.519434
data/testLuna16/IMG-0153-0197.jpg,368,200,378,212,0.917347
data/testLuna16/IMG-0153-0198.jpg,367,203,376,213,0.708492
data/testLuna16/IMG-0153-0139.jpg,112,275,123,285,0.702894
data/testLuna16/IMG-0154-0104.jpg,202,312,218,323,0.995581
data/testLuna16/IMG-0154-0103.jpg,202,311,216,321,0.986683
data/testLuna16/IMG-0154-0106.jpg,200,314,217,325,0.97416
data/testLuna16/IMG-0154-0107.jpg,199,316,214,328,0.995566
data/testLuna16/IMG-0154-0105.jpg,203,314,219,324,0.984867
data/testLuna16/IMG-0154-0108.jpg,199,320,213,331,0.998672
data/testLuna16/IMG-0156-0149.jpg,88,249,101,260,0.940436
data/testLuna16/IMG-0156-0148.jpg,87,250,101,260,0.942814
data/testLuna16/IMG-0156-0137.jpg,92,244,103,253,0.63454
data/testLuna16/IMG-0155-0079.jpg,360,394,368,403,0.915734
data/testLuna16/IMG-0155-0079.jpg,362,396,366,401,0.532101
data/testLuna16/IMG-0156-0141.jpg,85,248,102,257,0.958933
data/testLuna16/IMG-0156-0150.jpg,88,249,100,259,0.946508
data/testLuna16/IMG-0156-0143.jpg,88,249,102,260,0.967006
data/testLuna16/IMG-0156-0146.jpg,85,249,97,259,0.759953
data/testLuna16/IMG-0155-0080.jpg,359,393,370,404,0.980172
data/testLuna16/IMG-0155-0080.jpg,362,396,368,401,0.965822
data/testLuna16/IMG-0156-0139.jpg,87,246,102,256,0.929552
data/testLuna16/IMG-0156-0138.jpg,87,246,100,254,0.662292
data/testLuna16/IMG-0156-0142.jpg,87,249,101,259,0.987202
data/testLuna16/IMG-0156-0144.jpg,87,248,102,259,0.986848
data/testLuna16/IMG-0156-0145.jpg,86,248,101,259,0.977108
data/testLuna16/IMG-0156-0140.jpg,87,247,101,256,0.929343
data/testLuna16/IMG-0157-0308.jpg,120,157,132,168,0.897643
data/testLuna16/IMG-0157-0309.jpg,123,158,130,165,0.846712
data/testLuna16/IMG-0157-0310.jpg,123,158,130,165,0.907813
data/testLuna16/IMG-0157-0310.jpg,119,155,134,168,0.885207
data/testLuna16/IMG-0157-0311.jpg,122,159,129,166,0.961493
data/testLuna16/IMG-0157-0311.jpg,119,156,132,169,0.949752
data/testLuna16/IMG-0157-0204.jpg,40,261,47,270,0.991356
data/testLuna16/IMG-0157-0204.jpg,37,257,51,274,0.927263
data/testLuna16/IMG-0157-0202.jpg,40,261,46,269,0.976927
data/testLuna16/IMG-0157-0202.jpg,37,258,49,272,0.88668
data/testLuna16/IMG-0157-0184.jpg,459,290,465,296,0.939927
data/testLuna16/IMG-0157-0184.jpg,456,287,468,299,0.935166
data/testLuna16/IMG-0157-0200.jpg,39,261,45,268,0.981254
data/testLuna16/IMG-0157-0200.jpg,36,258,48,271,0.915564
data/testLuna16/IMG-0157-0200.jpg,464,285,473,300,0.625185
data/testLuna16/IMG-0157-0206.jpg,41,260,46,266,0.969217
data/testLuna16/IMG-0157-0206.jpg,38,256,49,270,0.940698
data/testLuna16/IMG-0157-0206.jpg,448,300,458,311,0.521249
data/testLuna16/IMG-0157-0203.jpg,41,260,48,269,0.969848
data/testLuna16/IMG-0157-0205.jpg,40,260,47,269,0.98663
data/testLuna16/IMG-0157-0205.jpg,448,300,457,309,0.546192
data/testLuna16/IMG-0157-0183.jpg,456,287,468,300,0.955575
data/testLuna16/IMG-0157-0183.jpg,459,290,465,297,0.95238
data/testLuna16/IMG-0157-0199.jpg,39,261,45,268,0.9518
data/testLuna16/IMG-0157-0199.jpg,36,259,48,271,0.851681
data/testLuna16/IMG-0157-0181.jpg,458,287,469,300,0.70214
data/testLuna16/IMG-0157-0181.jpg,461,290,466,297,0.559731
data/testLuna16/IMG-0157-0185.jpg,458,288,467,298,0.854752
data/testLuna16/IMG-0157-0180.jpg,426,365,434,373,0.879957
data/testLuna16/IMG-0157-0182.jpg,457,287,468,300,0.914923
data/testLuna16/IMG-0157-0182.jpg,460,290,465,297,0.89885
data/testLuna16/IMG-0157-0201.jpg,39,262,45,268,0.974137
data/testLuna16/IMG-0157-0201.jpg,36,258,48,272,0.919282
data/testLuna16/IMG-0158-0307.jpg,143,380,156,390,0.970043
data/testLuna16/IMG-0158-0307.jpg,146,383,153,388,0.967009
data/testLuna16/IMG-0158-0308.jpg,147,383,154,388,0.9679
data/testLuna16/IMG-0158-0308.jpg,143,381,158,390,0.951394
data/testLuna16/IMG-0158-0309.jpg,147,383,155,388,0.895738
data/testLuna16/IMG-0158-0309.jpg,143,381,159,391,0.724111
data/testLuna16/IMG-0158-0304.jpg,143,380,155,390,0.965019
data/testLuna16/IMG-0158-0304.jpg,145,382,151,388,0.961094
data/testLuna16/IMG-0158-0305.jpg,145,382,152,388,0.973586
data/testLuna16/IMG-0158-0305.jpg,142,380,155,391,0.967889
data/testLuna16/IMG-0158-0303.jpg,143,380,154,390,0.914487
data/testLuna16/IMG-0158-0303.jpg,145,383,151,388,0.830675
data/testLuna16/IMG-0158-0306.jpg,143,380,156,390,0.973502
data/testLuna16/IMG-0158-0306.jpg,146,383,152,388,0.969189
data/testLuna16/IMG-0159-0148.jpg,131,335,141,344,0.987247
data/testLuna16/IMG-0159-0146.jpg,133,334,143,345,0.988778
data/testLuna16/IMG-0159-0152.jpg,135,338,144,350,0.979103
data/testLuna16/IMG-0160-0073.jpg,349,354,361,364,0.951841
data/testLuna16/IMG-0159-0147.jpg,133,335,142,345,0.992318
data/testLuna16/IMG-0160-0071.jpg,367,305,374,316,0.96873
data/testLuna16/IMG-0159-0151.jpg,133,338,143,348,0.981203
data/testLuna16/IMG-0160-0070.jpg,365,304,374,315,0.690762
data/testLuna16/IMG-0159-0149.jpg,130,335,142,344,0.97428
data/testLuna16/IMG-0159-0153.jpg,134,338,143,350,0.976462
data/testLuna16/IMG-0159-0145.jpg,133,335,142,344,0.986508
data/testLuna16/IMG-0159-0145.jpg,130,331,146,348,0.845194
data/testLuna16/IMG-0160-0072.jpg,348,354,359,364,0.876315
data/testLuna16/IMG-0159-0150.jpg,132,337,143,347,0.976345
data/testLuna16/IMG-0159-0154.jpg,133,340,143,353,0.982909
data/testLuna16/IMG-0162-0157.jpg,335,336,348,349,0.997618
data/testLuna16/IMG-0162-0158.jpg,335,337,347,350,0.998223
data/testLuna16/IMG-0161-0089.jpg,391,205,397,213,0.718807
data/testLuna16/IMG-0161-0089.jpg,388,202,400,216,0.666933
data/testLuna16/IMG-0161-0056.jpg,179,346,192,356,0.970341
data/testLuna16/IMG-0161-0056.jpg,183,349,189,353,0.95897
data/testLuna16/IMG-0161-0055.jpg,180,346,192,356,0.935363
data/testLuna16/IMG-0161-0055.jpg,183,349,189,354,0.904381
data/testLuna16/IMG-0162-0163.jpg,338,343,349,354,0.971878
data/testLuna16/IMG-0162-0166.jpg,344,349,352,358,0.686187
data/testLuna16/IMG-0162-0156.jpg,335,335,347,349,0.996037
data/testLuna16/IMG-0162-0155.jpg,335,332,348,347,0.996781
data/testLuna16/IMG-0162-0159.jpg,335,338,348,351,0.997118
data/testLuna16/IMG-0162-0164.jpg,340,346,353,356,0.865106
data/testLuna16/IMG-0162-0162.jpg,339,343,351,355,0.994656
data/testLuna16/IMG-0162-0160.jpg,337,338,350,352,0.992679
data/testLuna16/IMG-0162-0161.jpg,337,341,351,354,0.989126
data/testLuna16/IMG-0161-0090.jpg,391,205,397,213,0.935926
data/testLuna16/IMG-0164-0163.jpg,225,317,234,329,0.95947
data/testLuna16/IMG-0163-0381.jpg,399,293,410,305,0.957416
data/testLuna16/IMG-0163-0381.jpg,402,296,407,302,0.94825
data/testLuna16/IMG-0163-0165.jpg,151,165,158,171,0.803533
data/testLuna16/IMG-0163-0165.jpg,148,162,161,173,0.668951
data/testLuna16/IMG-0163-0385.jpg,401,296,408,304,0.992178
data/testLuna16/IMG-0163-0385.jpg,397,291,413,308,0.948092
data/testLuna16/IMG-0163-0380.jpg,399,293,410,304,0.939273
data/testLuna16/IMG-0163-0380.jpg,402,296,407,302,0.915515
data/testLuna16/IMG-0163-0163.jpg,150,162,161,172,0.644818
data/testLuna16/IMG-0163-0163.jpg,152,165,158,170,0.592336
data/testLuna16/IMG-0163-0384.jpg,401,296,408,304,0.991775
data/testLuna16/IMG-0163-0384.jpg,397,292,412,308,0.952155
data/testLuna16/IMG-0163-0274.jpg,101,358,112,371,0.706261
data/testLuna16/IMG-0163-0274.jpg,104,361,109,367,0.637834
data/testLuna16/IMG-0163-0275.jpg,101,358,111,371,0.913409
data/testLuna16/IMG-0163-0275.jpg,104,361,109,368,0.893915
data/testLuna16/IMG-0163-0386.jpg,400,295,408,304,0.987604
data/testLuna16/IMG-0163-0386.jpg,396,290,412,308,0.917127
data/testLuna16/IMG-0163-0166.jpg,151,165,157,171,0.70552
data/testLuna16/IMG-0163-0166.jpg,149,162,160,173,0.506738
data/testLuna16/IMG-0163-0387.jpg,400,295,407,304,0.985166
data/testLuna16/IMG-0163-0387.jpg,396,290,411,308,0.917129
data/testLuna16/IMG-0163-0164.jpg,152,165,158,170,0.814539
data/testLuna16/IMG-0163-0164.jpg,149,162,161,173,0.74538
data/testLuna16/IMG-0163-0382.jpg,401,296,407,302,0.976861
data/testLuna16/IMG-0163-0382.jpg,398,293,410,305,0.96812
data/testLuna16/IMG-0164-0161.jpg,225,317,234,328,0.552505
data/testLuna16/IMG-0164-0165.jpg,226,317,234,328,0.957179
data/testLuna16/IMG-0163-0276.jpg,101,360,111,371,0.850532
data/testLuna16/IMG-0164-0162.jpg,225,317,234,328,0.863024
data/testLuna16/IMG-0163-0383.jpg,401,296,408,303,0.986165
data/testLuna16/IMG-0163-0383.jpg,397,293,412,306,0.956445
data/testLuna16/IMG-0164-0164.jpg,225,317,235,329,0.971854
data/testLuna16/IMG-0165-0160.jpg,381,442,390,451,0.836219
data/testLuna16/IMG-0165-0180.jpg,109,416,119,426,0.870054
data/testLuna16/IMG-0165-0197.jpg,182,346,211,382,0.519413
data/testLuna16/IMG-0165-0196.jpg,189,342,214,378,0.63407
data/testLuna16/IMG-0166-0134.jpg,135,150,142,158,0.599889
data/testLuna16/IMG-0167-0211.jpg,109,178,118,188,0.953186
data/testLuna16/IMG-0167-0211.jpg,111,180,116,185,0.803499
data/testLuna16/IMG-0167-0212.jpg,109,178,118,188,0.951644
data/testLuna16/IMG-0167-0317.jpg,159,349,169,357,0.65457
data/testLuna16/IMG-0167-0203.jpg,151,187,159,198,0.957722
data/testLuna16/IMG-0167-0201.jpg,149,186,160,197,0.639834
data/testLuna16/IMG-0167-0201.jpg,151,190,157,195,0.594945
data/testLuna16/IMG-0167-0204.jpg,151,187,160,199,0.988263
data/testLuna16/IMG-0167-0205.jpg,152,188,161,199,0.985362
data/testLuna16/IMG-0167-0316.jpg,160,348,169,357,0.769311
data/testLuna16/IMG-0167-0206.jpg,152,188,160,198,0.901845
data/testLuna16/IMG-0167-0206.jpg,96,175,108,186,0.625528
data/testLuna16/IMG-0167-0206.jpg,99,178,105,184,0.581481
data/testLuna16/IMG-0167-0202.jpg,149,187,160,198,0.715678
data/testLuna16/IMG-0167-0202.jpg,152,190,157,195,0.710658
data/testLuna16/IMG-0167-0184.jpg,115,192,128,206,0.999212
data/testLuna16/IMG-0167-0174.jpg,114,188,127,202,0.990252
data/testLuna16/IMG-0167-0180.jpg,115,189,128,205,0.998795
data/testLuna16/IMG-0167-0186.jpg,116,193,128,206,0.998638
data/testLuna16/IMG-0167-0178.jpg,115,190,128,205,0.998324
data/testLuna16/IMG-0168-0054.jpg,79,360,87,369,0.904452
data/testLuna16/IMG-0168-0054.jpg,75,357,91,373,0.681001
data/testLuna16/IMG-0167-0175.jpg,114,189,127,203,0.994146
data/testLuna16/IMG-0167-0181.jpg,116,189,129,205,0.999267
data/testLuna16/IMG-0167-0185.jpg,116,193,127,206,0.999022
data/testLuna16/IMG-0167-0172.jpg,115,188,129,201,0.962194
data/testLuna16/IMG-0167-0173.jpg,114,187,128,202,0.97574
data/testLuna16/IMG-0167-0177.jpg,115,189,128,205,0.998757
data/testLuna16/IMG-0168-0055.jpg,80,361,88,369,0.747789
data/testLuna16/IMG-0167-0179.jpg,115,190,128,205,0.997282
data/testLuna16/IMG-0167-0176.jpg,114,189,127,204,0.997379
data/testLuna16/IMG-0167-0183.jpg,115,192,128,206,0.999169
data/testLuna16/IMG-0167-0182.jpg,115,191,129,205,0.999305
data/testLuna16/IMG-0167-0171.jpg,115,187,129,201,0.747166
data/testLuna16/IMG-0169-0163.jpg,145,169,154,178,0.993204
data/testLuna16/IMG-0169-0096.jpg,413,282,431,300,0.993873
data/testLuna16/IMG-0169-0212.jpg,89,215,97,223,0.976962
data/testLuna16/IMG-0169-0212.jpg,85,211,100,227,0.904309
data/testLuna16/IMG-0169-0213.jpg,88,214,96,223,0.987815
data/testLuna16/IMG-0169-0213.jpg,84,210,100,227,0.918781
data/testLuna16/IMG-0169-0093.jpg,414,281,432,299,0.944773
data/testLuna16/IMG-0169-0102.jpg,414,284,429,299,0.646902
data/testLuna16/IMG-0169-0256.jpg,293,326,300,335,0.92701
data/testLuna16/IMG-0169-0256.jpg,290,322,304,339,0.648572
data/testLuna16/IMG-0169-0084.jpg,108,415,118,425,0.977163
data/testLuna16/IMG-0169-0084.jpg,110,417,115,422,0.880433
data/testLuna16/IMG-0169-0165.jpg,145,170,154,179,0.992307
data/testLuna16/IMG-0169-0165.jpg,141,165,158,183,0.929418
data/testLuna16/IMG-0169-0164.jpg,145,169,155,179,0.991985
data/testLuna16/IMG-0169-0253.jpg,133,361,142,371,0.936138
data/testLuna16/IMG-0169-0253.jpg,135,363,140,368,0.757236
data/testLuna16/IMG-0169-0097.jpg,413,283,432,300,0.991172
data/testLuna16/IMG-0169-0255.jpg,293,326,299,336,0.938977
data/testLuna16/IMG-0169-0255.jpg,290,322,303,340,0.556727
data/testLuna16/IMG-0169-0174.jpg,110,328,117,334,0.853721
data/testLuna16/IMG-0169-0174.jpg,106,325,120,337,0.845017
data/testLuna16/IMG-0169-0217.jpg,87,215,95,223,0.991616
data/testLuna16/IMG-0169-0217.jpg,84,211,99,227,0.955802
data/testLuna16/IMG-0169-0160.jpg,142,167,150,177,0.985134
data/testLuna16/IMG-0169-0160.jpg,138,163,155,181,0.869679
data/testLuna16/IMG-0169-0215.jpg,87,213,97,222,0.990206
data/testLuna16/IMG-0169-0215.jpg,83,209,101,226,0.832272
data/testLuna16/IMG-0169-0099.jpg,414,283,432,299,0.988273
data/testLuna16/IMG-0169-0216.jpg,88,214,96,222,0.992238
data/testLuna16/IMG-0169-0216.jpg,84,210,101,226,0.925753
data/testLuna16/IMG-0169-0095.jpg,414,282,431,300,0.991497
data/testLuna16/IMG-0169-0214.jpg,88,213,96,222,0.990186
data/testLuna16/IMG-0169-0214.jpg,84,210,100,226,0.905437
data/testLuna16/IMG-0169-0090.jpg,414,283,428,297,0.944889
data/testLuna16/IMG-0169-0088.jpg,412,284,428,298,0.620317
data/testLuna16/IMG-0169-0091.jpg,414,282,430,299,0.983289
data/testLuna16/IMG-0169-0106.jpg,415,284,427,296,0.921714
data/testLuna16/IMG-0169-0089.jpg,412,284,426,297,0.981839
data/testLuna16/IMG-0169-0098.jpg,414,283,432,300,0.986951
data/testLuna16/IMG-0169-0175.jpg,108,327,122,337,0.839903
data/testLuna16/IMG-0169-0175.jpg,111,329,118,335,0.77468
data/testLuna16/IMG-0169-0092.jpg,414,280,432,299,0.927592
data/testLuna16/IMG-0169-0162.jpg,144,169,154,179,0.992299
data/testLuna16/IMG-0169-0104.jpg,414,285,428,297,0.817394
data/testLuna16/IMG-0169-0105.jpg,415,284,428,297,0.950848
data/testLuna16/IMG-0169-0161.jpg,142,169,151,179,0.981443
data/testLuna16/IMG-0169-0083.jpg,108,414,118,425,0.954016
data/testLuna16/IMG-0169-0083.jpg,110,417,115,422,0.845572
data/testLuna16/IMG-0169-0100.jpg,415,284,431,299,0.733247
data/testLuna16/IMG-0169-0101.jpg,413,283,432,299,0.806877
data/testLuna16/IMG-0169-0107.jpg,415,281,428,292,0.672291
data/testLuna16/IMG-0169-0103.jpg,414,284,428,298,0.583101
data/testLuna16/IMG-0169-0094.jpg,415,281,432,299,0.97222
data/testLuna16/IMG-0170-0038.jpg,383,272,392,281,0.694229
data/testLuna16/IMG-0170-0022.jpg,313,324,323,336,0.987024
data/testLuna16/IMG-0170-0021.jpg,315,328,326,338,0.904011
data/testLuna16/IMG-0170-0020.jpg,315,326,327,338,0.923301
data/testLuna16/IMG-0170-0049.jpg,369,228,379,239,0.908773
data/testLuna16/IMG-0170-0049.jpg,372,231,377,237,0.887538
data/testLuna16/IMG-0170-0037.jpg,383,272,390,282,0.563647
data/testLuna16/IMG-0170-0048.jpg,372,230,377,236,0.897273
data/testLuna16/IMG-0170-0048.jpg,369,228,379,238,0.892379
data/testLuna16/IMG-0170-0019.jpg,316,326,327,337,0.933359
data/testLuna16/IMG-0170-0018.jpg,316,328,326,339,0.932989
data/testLuna16/IMG-0170-0042.jpg,366,280,373,286,0.822124
data/testLuna16/IMG-0170-0042.jpg,362,277,377,289,0.783369
data/testLuna16/IMG-0170-0041.jpg,364,278,377,289,0.67506
data/testLuna16/IMG-0170-0041.jpg,367,281,373,286,0.588461
data/testLuna16/IMG-0172-0070.jpg,81,193,91,203,0.936558
data/testLuna16/IMG-0172-0070.jpg,83,196,88,201,0.807222
data/testLuna16/IMG-0172-0051.jpg,176,367,185,376,0.996599
data/testLuna16/IMG-0172-0081.jpg,417,179,423,186,0.950848
data/testLuna16/IMG-0172-0081.jpg,414,176,426,190,0.843035
data/testLuna16/IMG-0172-0071.jpg,81,193,91,204,0.877277
data/testLuna16/IMG-0172-0071.jpg,84,196,89,201,0.769988
data/testLuna16/IMG-0172-0082.jpg,418,181,424,188,0.971179
data/testLuna16/IMG-0172-0082.jpg,415,178,427,191,0.745504
data/testLuna16/IMG-0172-0053.jpg,173,366,184,377,0.991995
data/testLuna16/IMG-0172-0052.jpg,174,367,184,376,0.993434
data/testLuna16/IMG-0172-0050.jpg,176,368,187,376,0.994181
data/testLuna16/IMG-0172-0050.jpg,171,364,191,380,0.880932
data/testLuna16/IMG-0174-0061.jpg,391,337,402,351,0.995923
data/testLuna16/IMG-0174-0060.jpg,391,336,402,350,0.997447
data/testLuna16/IMG-0174-0063.jpg,392,338,403,351,0.994272
data/testLuna16/IMG-0174-0047.jpg,395,341,408,353,0.999139
data/testLuna16/IMG-0174-0066.jpg,391,340,403,353,0.992681
data/testLuna16/IMG-0174-0043.jpg,395,341,409,353,0.99913
data/testLuna16/IMG-0174-0056.jpg,392,337,403,351,0.999088
data/testLuna16/IMG-0174-0046.jpg,395,341,409,353,0.99939
data/testLuna16/IMG-0174-0045.jpg,395,341,409,353,0.999441
data/testLuna16/IMG-0174-0051.jpg,393,339,406,352,0.998617
data/testLuna16/IMG-0174-0042.jpg,396,341,410,353,0.999061
data/testLuna16/IMG-0174-0049.jpg,394,340,407,352,0.999112
data/testLuna16/IMG-0174-0040.jpg,397,341,411,353,0.998387
data/testLuna16/IMG-0174-0059.jpg,391,337,403,351,0.998532
data/testLuna16/IMG-0174-0038.jpg,398,345,411,354,0.984852
data/testLuna16/IMG-0174-0041.jpg,397,341,411,353,0.998793
data/testLuna16/IMG-0174-0035.jpg,406,346,414,354,0.60797
data/testLuna16/IMG-0174-0057.jpg,391,337,403,351,0.998958
data/testLuna16/IMG-0174-0053.jpg,393,337,404,351,0.998419
data/testLuna16/IMG-0174-0052.jpg,394,338,405,352,0.998127
data/testLuna16/IMG-0174-0062.jpg,391,337,402,351,0.994377
data/testLuna16/IMG-0174-0054.jpg,393,336,404,351,0.998825
data/testLuna16/IMG-0174-0044.jpg,395,340,409,353,0.999334
data/testLuna16/IMG-0174-0048.jpg,394,341,407,353,0.998907
data/testLuna16/IMG-0174-0058.jpg,391,337,403,351,0.998855
data/testLuna16/IMG-0174-0050.jpg,394,340,406,352,0.998775
data/testLuna16/IMG-0174-0039.jpg,398,343,411,353,0.996753
data/testLuna16/IMG-0174-0065.jpg,390,338,402,352,0.994272
data/testLuna16/IMG-0174-0067.jpg,389,339,402,352,0.993241
data/testLuna16/IMG-0174-0064.jpg,390,338,402,351,0.996385
data/testLuna16/IMG-0174-0055.jpg,392,336,403,351,0.998998
data/testLuna16/IMG-0174-0071.jpg,395,347,408,361,0.876053
data/testLuna16/IMG-0174-0073.jpg,396,348,407,361,0.95143
data/testLuna16/IMG-0174-0076.jpg,382,303,392,312,0.934305
data/testLuna16/IMG-0174-0068.jpg,390,340,403,353,0.976094
data/testLuna16/IMG-0174-0070.jpg,397,350,406,358,0.873461
data/testLuna16/IMG-0174-0069.jpg,396,349,406,358,0.586923
data/testLuna16/IMG-0174-0075.jpg,382,303,393,312,0.527332
data/testLuna16/IMG-0174-0074.jpg,396,349,407,360,0.933498
data/testLuna16/IMG-0174-0072.jpg,395,347,408,361,0.886755
data/testLuna16/IMG-0174-0077.jpg,382,303,390,311,0.573776
data/testLuna16/IMG-0176-0113.jpg,145,275,152,283,0.952685
data/testLuna16/IMG-0176-0113.jpg,141,272,156,286,0.814318
data/testLuna16/IMG-0177-0188.jpg,433,237,442,246,0.506077
data/testLuna16/IMG-0177-0189.jpg,434,235,441,242,0.783376
data/testLuna16/IMG-0178-0304.jpg,390,320,400,329,0.649891
data/testLuna16/IMG-0178-0302.jpg,390,320,402,331,0.526776
data/testLuna16/IMG-0178-0301.jpg,390,320,402,331,0.613469
data/testLuna16/IMG-0178-0303.jpg,389,319,402,331,0.924667
data/testLuna16/IMG-0178-0303.jpg,392,322,399,328,0.899955
data/testLuna16/IMG-0180-0050.jpg,436,202,445,211,0.66784
data/testLuna16/IMG-0180-0049.jpg,435,202,444,210,0.881402
data/testLuna16/IMG-0181-0285.jpg,103,304,115,313,0.846891
data/testLuna16/IMG-0181-0284.jpg,102,303,115,312,0.842834
data/testLuna16/IMG-0181-0287.jpg,105,304,117,315,0.864017
data/testLuna16/IMG-0181-0293.jpg,106,302,116,312,0.764523
data/testLuna16/IMG-0181-0292.jpg,105,302,116,313,0.617934
data/testLuna16/IMG-0181-0292.jpg,214,288,226,301,0.514243
data/testLuna16/IMG-0181-0336.jpg,217,292,226,301,0.50719
data/testLuna16/IMG-0181-0288.jpg,105,304,116,315,0.801425
data/testLuna16/IMG-0181-0294.jpg,108,301,117,311,0.820406
data/testLuna16/IMG-0181-0341.jpg,400,289,406,294,0.783541
data/testLuna16/IMG-0181-0341.jpg,396,287,409,297,0.731686
data/testLuna16/IMG-0181-0286.jpg,104,304,116,315,0.884261
data/testLuna16/IMG-0181-0296.jpg,109,302,117,310,0.896509
data/testLuna16/IMG-0181-0290.jpg,106,304,116,313,0.507228
data/testLuna16/IMG-0181-0289.jpg,105,304,115,314,0.554398
data/testLuna16/IMG-0181-0342.jpg,398,288,410,297,0.87884
data/testLuna16/IMG-0181-0342.jpg,401,290,407,295,0.867888
data/testLuna16/IMG-0181-0295.jpg,108,301,117,311,0.855943
data/testLuna16/IMG-0184-0195.jpg,185,190,195,198,0.941689
data/testLuna16/IMG-0184-0198.jpg,183,189,196,199,0.978806
data/testLuna16/IMG-0184-0199.jpg,183,188,196,199,0.988896
data/testLuna16/IMG-0184-0196.jpg,184,190,196,200,0.88389
data/testLuna16/IMG-0184-0200.jpg,183,187,195,199,0.979662
data/testLuna16/IMG-0184-0197.jpg,184,190,196,200,0.988633
data/testLuna16/IMG-0184-0203.jpg,183,186,195,195,0.883942
data/testLuna16/IMG-0184-0204.jpg,185,186,195,195,0.833834
data/testLuna16/IMG-0184-0201.jpg,184,187,196,199,0.973708
data/testLuna16/IMG-0184-0202.jpg,184,186,196,196,0.928937
data/testLuna16/IMG-0129-0238.jpg,376,244,386,253,0.832459
data/testLuna16/IMG-0129-0229.jpg,372,243,388,258,0.99472
data/testLuna16/IMG-0129-0248.jpg,213,288,224,299,0.550746
data/testLuna16/IMG-0129-0234.jpg,372,242,388,257,0.98975
data/testLuna16/IMG-0129-0233.jpg,371,243,387,258,0.993741
data/testLuna16/IMG-0129-0266.jpg,169,324,177,333,0.991168
data/testLuna16/IMG-0129-0266.jpg,165,320,181,337,0.854496
data/testLuna16/IMG-0129-0136.jpg,377,347,400,365,0.506832
data/testLuna16/IMG-0129-0255.jpg,213,287,227,301,0.99519
data/testLuna16/IMG-0129-0228.jpg,372,244,388,258,0.992629
data/testLuna16/IMG-0129-0226.jpg,374,244,388,257,0.894873
data/testLuna16/IMG-0129-0250.jpg,213,289,227,300,0.796545
data/testLuna16/IMG-0129-0232.jpg,371,243,387,258,0.992717
data/testLuna16/IMG-0129-0253.jpg,213,289,228,302,0.991467
data/testLuna16/IMG-0129-0252.jpg,214,289,228,300,0.595717
data/testLuna16/IMG-0129-0268.jpg,170,324,179,333,0.976047
data/testLuna16/IMG-0129-0268.jpg,165,320,184,337,0.662635
data/testLuna16/IMG-0129-0225.jpg,375,244,388,257,0.929418
data/testLuna16/IMG-0129-0230.jpg,372,243,387,258,0.991813
data/testLuna16/IMG-0129-0143.jpg,373,330,383,343,0.523535
data/testLuna16/IMG-0129-0257.jpg,214,286,226,299,0.991095
data/testLuna16/IMG-0129-0260.jpg,216,286,228,297,0.989868
data/testLuna16/IMG-0129-0237.jpg,375,242,386,252,0.85692
data/testLuna16/IMG-0129-0254.jpg,213,288,227,302,0.993942
data/testLuna16/IMG-0129-0264.jpg,169,324,177,333,0.968192
data/testLuna16/IMG-0129-0264.jpg,165,321,180,337,0.672553
data/testLuna16/IMG-0129-0247.jpg,214,287,226,299,0.814819
data/testLuna16/IMG-0129-0267.jpg,169,324,179,334,0.989027
data/testLuna16/IMG-0129-0258.jpg,215,287,227,298,0.992336
data/testLuna16/IMG-0129-0263.jpg,170,326,177,333,0.793286
data/testLuna16/IMG-0129-0263.jpg,167,323,180,336,0.603941
data/testLuna16/IMG-0129-0138.jpg,374,333,388,351,0.655231
data/testLuna16/IMG-0129-0236.jpg,373,243,387,254,0.972031
data/testLuna16/IMG-0129-0231.jpg,371,243,387,258,0.990639
data/testLuna16/IMG-0129-0256.jpg,212,286,226,300,0.996467
data/testLuna16/IMG-0129-0142.jpg,373,330,384,342,0.904589
data/testLuna16/IMG-0129-0235.jpg,372,243,388,256,0.986643
data/testLuna16/IMG-0129-0265.jpg,168,324,176,332,0.986126
data/testLuna16/IMG-0129-0265.jpg,165,320,180,337,0.726957
data/testLuna16/IMG-0129-0251.jpg,212,286,230,301,0.783499
data/testLuna16/IMG-0129-0135.jpg,367,349,390,367,0.767234
data/testLuna16/IMG-0129-0227.jpg,373,243,389,259,0.952485
data/testLuna16/IMG-0129-0259.jpg,216,287,228,298,0.980209
data/testLuna16/IMG-0131-0089.jpg,151,352,158,359,0.993102
data/testLuna16/IMG-0131-0089.jpg,148,349,162,362,0.983143
data/testLuna16/IMG-0130-0049.jpg,119,313,131,324,0.947416
data/testLuna16/IMG-0131-0112.jpg,343,311,353,321,0.992227
data/testLuna16/IMG-0131-0111.jpg,343,312,351,320,0.992073
data/testLuna16/IMG-0130-0056.jpg,182,310,194,321,0.839482
data/testLuna16/IMG-0131-0088.jpg,153,353,159,358,0.984239
data/testLuna16/IMG-0131-0088.jpg,150,350,162,361,0.981066
data/testLuna16/IMG-0130-0048.jpg,120,312,131,323,0.887137
data/testLuna16/IMG-0131-0113.jpg,345,311,355,321,0.966388
data/testLuna16/IMG-0131-0113.jpg,181,351,191,360,0.901397
data/testLuna16/IMG-0131-0113.jpg,184,353,189,358,0.691952
data/testLuna16/IMG-0131-0114.jpg,345,310,355,321,0.975927
data/testLuna16/IMG-0130-0046.jpg,120,315,130,323,0.779958
data/testLuna16/IMG-0130-0047.jpg,120,314,131,323,0.830994
data/testLuna16/IMG-0130-0058.jpg,223,189,233,199,0.726654
data/testLuna16/IMG-0133-0043.jpg,209,322,215,328,0.971464
data/testLuna16/IMG-0132-0111.jpg,429,248,441,258,0.971245
data/testLuna16/IMG-0132-0111.jpg,432,251,438,256,0.957118
data/testLuna16/IMG-0133-0135.jpg,172,357,184,367,0.995541
data/testLuna16/IMG-0133-0140.jpg,173,356,183,366,0.595202
data/testLuna16/IMG-0133-0132.jpg,174,356,186,364,0.967652
data/testLuna16/IMG-0133-0042.jpg,206,319,217,330,0.837118
data/testLuna16/IMG-0133-0133.jpg,174,357,184,365,0.984778
data/testLuna16/IMG-0133-0134.jpg,174,356,186,366,0.997275
data/testLuna16/IMG-0133-0138.jpg,173,359,184,368,0.690903
data/testLuna16/IMG-0133-0137.jpg,172,358,185,369,0.993485
data/testLuna16/IMG-0132-0112.jpg,429,248,441,260,0.967863
data/testLuna16/IMG-0132-0112.jpg,432,251,438,257,0.964314
data/testLuna16/IMG-0133-0136.jpg,172,357,184,367,0.984607
data/testLuna16/IMG-0133-0139.jpg,173,358,184,367,0.923738
data/testLuna16/IMG-0134-0089.jpg,183,405,189,413,0.977311
data/testLuna16/IMG-0134-0089.jpg,180,402,193,416,0.882905
data/testLuna16/IMG-0134-0088.jpg,183,408,189,417,0.834745
data/testLuna16/IMG-0135-0196.jpg,110,116,118,125,0.953936
data/testLuna16/IMG-0135-0196.jpg,106,112,121,129,0.618333
data/testLuna16/IMG-0135-0094.jpg,320,333,328,343,0.943907
data/testLuna16/IMG-0135-0094.jpg,316,329,332,347,0.739284
data/testLuna16/IMG-0135-0093.jpg,319,333,328,342,0.847015
data/testLuna16/IMG-0135-0195.jpg,110,116,118,124,0.972294
data/testLuna16/IMG-0135-0195.jpg,106,113,121,128,0.717834
data/testLuna16/IMG-0135-0095.jpg,320,333,328,343,0.925053
data/testLuna16/IMG-0135-0095.jpg,317,329,332,347,0.749582
data/testLuna16/IMG-0135-0096.jpg,322,335,329,343,0.950141
data/testLuna16/IMG-0135-0096.jpg,102,334,130,347,0.867575
data/testLuna16/IMG-0135-0194.jpg,111,115,118,123,0.944496
data/testLuna16/IMG-0135-0194.jpg,107,112,121,126,0.815448
data/testLuna16/IMG-0136-0168.jpg,424,313,432,320,0.960491
data/testLuna16/IMG-0136-0168.jpg,420,310,436,324,0.89705
data/testLuna16/IMG-0136-0172.jpg,424,313,431,321,0.954232
data/testLuna16/IMG-0136-0172.jpg,420,309,435,325,0.876412
data/testLuna16/IMG-0136-0171.jpg,423,313,431,321,0.976574
data/testLuna16/IMG-0136-0171.jpg,420,310,436,324,0.907424
data/testLuna16/IMG-0136-0170.jpg,424,313,432,321,0.977827
data/testLuna16/IMG-0136-0170.jpg,420,310,436,324,0.908874
data/testLuna16/IMG-0136-0169.jpg,423,312,431,321,0.975027
data/testLuna16/IMG-0136-0169.jpg,420,309,436,324,0.885114
data/testLuna16/IMG-0136-0167.jpg,425,313,433,320,0.833289
data/testLuna16/IMG-0136-0167.jpg,421,310,437,324,0.736857
data/testLuna16/IMG-0137-0047.jpg,141,282,163,301,0.845725
data/testLuna16/IMG-0137-0047.jpg,84,172,94,182,0.709852
data/testLuna16/IMG-0137-0048.jpg,84,171,95,181,0.936898
data/testLuna16/IMG-0137-0049.jpg,85,172,97,181,0.869389
data/testLuna16/IMG-0137-0046.jpg,84,173,95,182,0.959975
data/testLuna16/IMG-0138-0292.jpg,212,347,219,355,0.826121
data/testLuna16/IMG-0138-0291.jpg,211,348,218,357,0.5167
data/testLuna16/IMG-0138-0414.jpg,359,265,366,271,0.846019
data/testLuna16/IMG-0138-0414.jpg,355,262,370,274,0.819436
data/testLuna16/IMG-0138-0293.jpg,212,347,219,356,0.743872
data/testLuna16/IMG-0138-0293.jpg,208,343,222,360,0.540739
data/testLuna16/IMG-0138-0419.jpg,361,265,369,273,0.970044
data/testLuna16/IMG-0138-0419.jpg,356,262,373,277,0.904487
data/testLuna16/IMG-0138-0420.jpg,361,265,368,273,0.960374
data/testLuna16/IMG-0138-0420.jpg,357,261,372,277,0.883412
data/testLuna16/IMG-0138-0417.jpg,360,265,368,273,0.970457
data/testLuna16/IMG-0138-0415.jpg,358,265,366,271,0.943562
data/testLuna16/IMG-0138-0415.jpg,355,262,370,275,0.89369
data/testLuna16/IMG-0138-0412.jpg,360,263,368,269,0.783857
data/testLuna16/IMG-0138-0412.jpg,357,260,371,272,0.768042
data/testLuna16/IMG-0138-0418.jpg,360,265,368,273,0.974764
data/testLuna16/IMG-0138-0418.jpg,356,262,372,276,0.929188
data/testLuna16/IMG-0138-0416.jpg,359,265,367,272,0.950262
data/testLuna16/IMG-0138-0416.jpg,355,262,371,275,0.907512
data/testLuna16/IMG-0139-0129.jpg,336,273,352,284,0.989983
data/testLuna16/IMG-0139-0130.jpg,337,273,350,284,0.995739
data/testLuna16/IMG-0139-0108.jpg,138,279,146,285,0.856954
data/testLuna16/IMG-0139-0108.jpg,133,277,150,288,0.737011
data/testLuna16/IMG-0139-0080.jpg,422,234,432,242,0.96882
data/testLuna16/IMG-0139-0080.jpg,418,230,436,246,0.896578
data/testLuna16/IMG-0139-0128.jpg,334,271,348,281,0.981505
data/testLuna16/IMG-0139-0073.jpg,431,175,444,186,0.980269
data/testLuna16/IMG-0139-0074.jpg,433,175,445,186,0.963
data/testLuna16/IMG-0139-0081.jpg,421,234,431,242,0.9285
data/testLuna16/IMG-0139-0127.jpg,335,269,347,280,0.989262
data/testLuna16/IMG-0139-0095.jpg,375,191,381,197,0.970877
data/testLuna16/IMG-0139-0095.jpg,371,188,385,200,0.932077
data/testLuna16/IMG-0139-0072.jpg,430,180,437,187,0.847993
data/testLuna16/IMG-0139-0072.jpg,426,176,440,190,0.708715
data/testLuna16/IMG-0139-0075.jpg,435,177,448,187,0.959499
data/testLuna16/IMG-0141-0094.jpg,106,410,114,418,0.798028
data/testLuna16/IMG-0142-0081.jpg,209,207,216,212,0.548944
data/testLuna16/IMG-0142-0082.jpg,212,203,223,211,0.960075
data/testLuna16/IMG-0142-0085.jpg,210,205,219,215,0.994864
data/testLuna16/IMG-0142-0083.jpg,212,203,222,212,0.983725
data/testLuna16/IMG-0142-0084.jpg,210,205,221,215,0.984611
data/testLuna16/IMG-0143-0119.jpg,105,192,112,197,0.910951
data/testLuna16/IMG-0143-0119.jpg,101,189,116,200,0.872743
data/testLuna16/IMG-0143-0121.jpg,106,191,113,196,0.64603
data/testLuna16/IMG-0143-0121.jpg,102,188,118,199,0.590486
data/testLuna16/IMG-0144-0154.jpg,173,342,182,351,0.805795
data/testLuna16/IMG-0144-0211.jpg,154,200,163,209,0.920154
data/testLuna16/IMG-0144-0211.jpg,150,196,167,212,0.707319
data/testLuna16/IMG-0144-0207.jpg,407,217,415,227,0.984793
data/testLuna16/IMG-0144-0207.jpg,404,213,419,231,0.885782
data/testLuna16/IMG-0144-0205.jpg,408,216,416,225,0.99079
data/testLuna16/IMG-0144-0205.jpg,404,212,419,229,0.94491
data/testLuna16/IMG-0144-0149.jpg,410,214,416,219,0.919827
data/testLuna16/IMG-0144-0149.jpg,407,212,419,222,0.880993
data/testLuna16/IMG-0144-0158.jpg,172,341,184,351,0.958952
data/testLuna16/IMG-0144-0158.jpg,175,344,181,349,0.945292
data/testLuna16/IMG-0144-0151.jpg,127,72,138,82,0.856818
data/testLuna16/IMG-0144-0151.jpg,410,213,416,219,0.800002
data/testLuna16/IMG-0144-0118.jpg,321,336,330,347,0.979342
data/testLuna16/IMG-0144-0118.jpg,323,339,327,344,0.819762
data/testLuna16/IMG-0144-0216.jpg,153,199,162,208,0.969434
data/testLuna16/IMG-0144-0209.jpg,409,218,415,227,0.932532
data/testLuna16/IMG-0144-0209.jpg,405,215,418,231,0.862244
data/testLuna16/IMG-0144-0157.jpg,174,343,181,349,0.989233
data/testLuna16/IMG-0144-0157.jpg,170,340,185,351,0.976053
data/testLuna16/IMG-0144-0148.jpg,410,214,415,219,0.728824
data/testLuna16/IMG-0144-0148.jpg,407,211,418,222,0.66826
data/testLuna16/IMG-0144-0204.jpg,409,217,416,224,0.979001
data/testLuna16/IMG-0144-0204.jpg,406,213,419,227,0.957832
data/testLuna16/IMG-0144-0208.jpg,407,217,414,227,0.983852
data/testLuna16/IMG-0144-0208.jpg,404,213,418,231,0.909411
data/testLuna16/IMG-0144-0213.jpg,153,199,162,208,0.968074
data/testLuna16/IMG-0144-0156.jpg,174,344,182,350,0.990024
data/testLuna16/IMG-0144-0156.jpg,170,341,186,352,0.979882
data/testLuna16/IMG-0144-0206.jpg,408,216,416,227,0.989842
data/testLuna16/IMG-0144-0214.jpg,153,199,162,208,0.977834
data/testLuna16/IMG-0144-0153.jpg,128,71,139,83,0.710768
data/testLuna16/IMG-0144-0215.jpg,153,199,162,208,0.962048
data/testLuna16/IMG-0144-0155.jpg,174,344,181,349,0.989575
data/testLuna16/IMG-0144-0155.jpg,170,341,185,352,0.984121
data/testLuna16/IMG-0144-0150.jpg,410,213,416,219,0.943585
data/testLuna16/IMG-0144-0150.jpg,407,211,419,222,0.878005
data/testLuna16/IMG-0144-0150.jpg,126,71,138,83,0.692793
data/testLuna16/IMG-0144-0212.jpg,153,198,162,207,0.958385
data/testLuna16/IMG-0144-0119.jpg,320,337,330,347,0.978919
data/testLuna16/IMG-0144-0119.jpg,322,340,327,345,0.887419
data/testLuna16/IMG-0145-0311.jpg,190,414,197,422,0.892095
data/testLuna16/IMG-0145-0311.jpg,186,411,200,425,0.861912
data/testLuna16/IMG-0145-0320.jpg,190,416,197,423,0.963835
data/testLuna16/IMG-0145-0320.jpg,187,412,200,426,0.951721
data/testLuna16/IMG-0145-0321.jpg,190,416,197,423,0.956494
data/testLuna16/IMG-0145-0321.jpg,187,413,200,426,0.947232
data/testLuna16/IMG-0145-0312.jpg,188,412,198,424,0.81693
data/testLuna16/IMG-0145-0313.jpg,188,413,199,424,0.941427
data/testLuna16/IMG-0145-0161.jpg,433,198,439,204,0.740395
data/testLuna16/IMG-0145-0316.jpg,187,412,200,425,0.943289
data/testLuna16/IMG-0145-0316.jpg,190,415,197,422,0.923114
data/testLuna16/IMG-0145-0322.jpg,191,416,197,423,0.936813
data/testLuna16/IMG-0145-0322.jpg,187,413,200,426,0.928943
data/testLuna16/IMG-0145-0317.jpg,188,413,199,425,0.978918
data/testLuna16/IMG-0145-0314.jpg,188,412,199,424,0.924654
data/testLuna16/IMG-0145-0158.jpg,434,198,439,204,0.754237
data/testLuna16/IMG-0145-0158.jpg,432,195,442,206,0.733543
data/testLuna16/IMG-0145-0318.jpg,190,415,197,423,0.98236
data/testLuna16/IMG-0145-0318.jpg,185,411,202,427,0.951525
data/testLuna16/IMG-0145-0315.jpg,187,412,200,425,0.912467
data/testLuna16/IMG-0145-0315.jpg,190,415,197,422,0.883668
data/testLuna16/IMG-0145-0159.jpg,434,198,439,204,0.759932
data/testLuna16/IMG-0145-0159.jpg,431,195,442,207,0.614695
data/testLuna16/IMG-0145-0310.jpg,186,411,200,425,0.598134
data/testLuna16/IMG-0145-0310.jpg,190,414,196,421,0.565256
data/testLuna16/IMG-0145-0319.jpg,190,415,197,423,0.982378
data/testLuna16/IMG-0145-0319.jpg,186,411,201,426,0.963262
data/testLuna16/IMG-0145-0160.jpg,434,198,439,204,0.744824
data/testLuna16/IMG-0145-0160.jpg,431,195,442,207,0.590041
data/testLuna16/IMG-0145-0162.jpg,433,198,439,204,0.753341
data/testLuna16/IMG-0145-0162.jpg,430,195,442,207,0.575136
